"id","name","type","lat","lng","zipCode","contact","address","description","theme_id","area_id","img","user_id"
1,"도라지식당","음식점","33.4927114054","126.5059498300","63145","064-722-3142","제주특별자치도 제주시 연삼로 128			","제주토속음식 전문점으로 제주가 아니면 맛볼 수 없는 갈치 호박국, 싱싱한 생선에 미역을 곁들인 옥돔국과 갈치구이, 옥돔구이가 일품이다. 여름철엔 물회역시 일품이다. 30여 년을 함께 한 시청 도라지식당은 더 넓은 주차공간과 좋은 시설, 지리적 조건 등을 고려해 공항근처로 확장 이전하여 운영하고 있다.",2,1,"","admin"
2,"돌하르방","음식점","33.3902018773","126.2397419496","63011","064-796-0001","제주특별자치도 제주시 한림읍 한림로 300			","한림공원 재암민속마을 내 초가 건물을 이용한 제주 전통 민속풍의 식당으로써 제주 전통의 담백한 음식을 전문으로 하는 150석의 대형 음식점이다. 제주 토종돼지 숯불구이, 싱싱한 제주 해산물을 넣어 부친 해물 녹두전, 국물이 시원하고 영양가 높은 성게국, 조와 누룩으로 빚은 제주 전통 민속주인 좁쌀주 등이 유명하다. 또한 계절 별미로써 여름철에는 시원한 허브 냉면과 냉수박, 겨울철에는 담백한 꿩고기와 그 국물을 맛볼 수 있는 꿩 메밀칼국수, 제주 토속 음식인 꿩빙떡 등의 메뉴가 준비되어 있다.",2,1,"","admin"
3,"제주뚝배기","음식점","33.4611967513","126.9330912603","63643","064-782-1089","제주특별자치도 서귀포시 성산읍 일출로 255			","성산일출봉으로 진입하는 일방통행 길 초입에 성산리 일대에서 제일 먼저 생긴 맛집이 제주뚝배기 식당이다. 시끌벅적한 소음이 기분 좋게 들리는 이 식당의 메인 메뉴는 바로 해물뚝배기다. 오분자기, 새우, 게, 소라 등 갖은 싱싱한 해물로 맛을 낸 뚝배기 국물은 오래된 전통의 맛을 담고 있다. 주로 간단한 식사 메뉴가 주를 이루는데 뚝배기 외에 갈치와 고등어조림과 부드럽고 담백한 전복죽도 많이 찾는 메뉴다.",2,1,"","admin"
4,"성산해오름식당","음식점","33.4643630428","126.9315329889","63643","064-782-2256","제주특별자치도 서귀포시 성산읍 일출로 260			","성산해오름식당은 성산일출봉 입구에 위치하여 찾기 쉽고 여유롭게 제주의 특별한 맛을 음미할 수 있는 곳으로 여행객들이 많이 찾는 맛집이다.",2,1,"","admin"
5,"삼성혈해물탕","음식점","33.4912225503","126.4977255785","63122","064-745-3000","제주특별자치도 제주시 선덕로5길 20			","제주도청 뒤편에 자리 잡고 있는 삼성혈해물탕은 싱싱하고, 다양한 해물을 재료로 한 푸짐한 해물탕이 인기이다.",2,1,"","admin"
6,"삼대국수회관","음식점","33.5068657788","126.5301029645","63269","064-759-6644","제주특별자치도 제주시 삼성로 41			","삼대국수회관은 고기국수라는 제주도 만의 특별한 국수를 비롯해서 여름의 별미인 콩국수와 열무국수 등 국수의 여러 가지 맛을 느낄 수 있는 곳이다. 당일 준비한 밀가루 반죽으로 직접 국수를 만들고, 당일에 들여온 신선한 고기만을 사용하여 최고의 국수맛을 볼수 있는 곳이다. 시원한 국물은 비리지 않고 담백하며, 듬뿍 들어 있는 고기는 하루 종일 배를 든든하게 한다. 또한, 돔베고기라고 하는 수육은 부드러운 제주 돼지의 육질을 그대로 맛볼 수 있어, 반주와 함께 하면 더욱 좋다.",2,1,"","admin"
7,"돔베돈","음식점","33.5155647604","126.5266586225","63277","064-753-0008","제주특별자치도 제주시 관덕로15길 25			","예로부터 제주 도민들이 즐겨 먹는 삶은 돼지고기 요리인 ‘돔베고기’는 도마 위에 바로 썬 삶은 돼지고기라는 제주도 말이다. 기름기가 쫙 빠져서 담백한 맛이 일품인 돔베고기는 다이어트에도 좋아 미용에 관심이 많은 젊은 여성들이 더 좋아한다. 제주시 탑동 스위스호텔 뒷편 삼겹살 골목에 이 돔베고기를 전문으로 하는 음식점인 ‘돔베돈’이 있다. 제주도에서 가장 유명한 고기는 뭐니 뭐니 해도 돼지고기인데 일반 도심의 식당들처럼 그냥 구워 먹는 것이 아니라 제주도 전통 방식으로 요리를 하는 것이기에 쉽게 접할 수 있는 음식이 아니다. 돔베고기 외에도 흑돼지구이, 돌솥밥 등도 맛이 좋다.",2,1,"","admin"
8,"삼다정","음식점","33.4850425335","126.4885904017","63132","064-710-8231","제주특별자치도 제주시 노연로 80			","제주 도내 특급 호텔 최초로 Live Kitchen 콘셉트를 도입한 뷔페 레스토랑이다.",2,1,"","admin"
9,"옛날옛적","음식점","33.4144013834","126.8999785392","63633","064-784-2252","제주특별자치도 서귀포시 성산읍 일주동로 4660			","제주도 지역의 음식을 맛볼 수 있는 곳이다. 대표메뉴는 쌈밥으로 제주특별자치도 서귀포시에 있는 한식 전문점이다.",2,1,"","admin"
10,"큰갯물횟집","음식점","33.2394161069","126.4382280753","63544","064-738-1625","제주특별자치도 서귀포시 대포로 161			","서귀포에서 중문 방면으로 한적한 바닷가를 끼고 가다 보면 대포항회타운이 나타나며, 이중 2층 양옥과 넓은 주차공간, 탁트인 바다경관을 자랑하는 회전문식당이 큰갯물횟집이다.",2,1,"","admin"
11,"야자수식당","음식점","33.3902546488","126.2397002855","63011","064-796-0001","제주특별자치도 제주시 한림읍 한림로 300			","비양도가 바라다 보이는 협재 해수욕장 옆에 있는 유명한 관광지인 한림공원내에 위치한 야자수 식당은 제주도의 특산인 오분자기 뚝배기, 갈치구이와 함께 제주도의 다른 이름인 삼다도에서 이름을 딴 삼다 비빔밥이 별미인 식당이다. 삼다 비빔밥은 오로지 제주도 내 애월읍과 한림읍에서 재배된 야채와 한림공원 내에서 직접 길러낸 야채를 재료로 사용하기에 더욱 신선함을 느낄 수 있다. 해물뚝배기에는 제주 특산 오분자기가 빠지지 않으며 소라 등 해물도 곁들여져 있으며 무엇보다 집된장 맛이 그대로 살아있는 국물이 해물과 조화되어 일품이다. 야자수 식당은 한림공원 내에 위치하고 있고 주위에 협재 해수욕장, 비양도, 한림공원을 관광하면서 쉽게 식사를 할 수 있어 편리하다.",2,1,"","admin"
12,"제주미향","음식점","33.2551612466","126.4163601758","63534","064-738-8588","제주특별자치도 서귀포시 천제연로 99			","제주 중문 관광단지에 위치한 제주미향은 활어회와 갈치, 고등어 요리를 주로 하며 조림이 유명한 집이다. 이곳은 푸른 바다, 여미지 식물원, 선녀다리가 한눈에 내려다보이는 곳에 위치하고 있다.",2,1,"","admin"
13,"초원흑돼지","음식점","33.5396505506","126.6732536664","63333","064-783-8527","제주특별자치도 제주시 조천읍 신북로 598			","제주도 제주시 조천읍 함덕리에 위치한 초원식당은 조약돌 위에 흑돼지 삼겹살과 갈비를 구워 먹는데, 담백함과 쫄깃한 맛이 일품이다.1년동안 숙성시킨 깻잎지에 고기를 싸먹으면 그 맛이 특별하여 다시 찾아오는 손님이 많아 단골고객이 늘었다. 꿩샤브샤브 요리도 별미이며, 쌈에 이용되는 모든 야채를 텃밭에서 유기농으로 재배하여 손님들이 안심하고 먹을 수 있도록 하고 있다.",2,1,"","admin"
14,"공천포식당","음식점","33.2664191430","126.6425958686","63612","064-767-2425","제주특별자치도 서귀포시 남원읍 공천포로 89			","공천포식당은 잔잔하고 검은 모래가 있는 서귀포의 공천 포구 인근에 자리 잡은 한식당이다. 된장과 고춧가루를 넣어 맛을 낸 시원한 육수에 깻잎과 김 가루로 감칠맛을 더한 물회가 유명하다. 해삼, 한치, 소라 중 원하는 재료를 골라 주문하면 커다란 대접에 시원한 물회와 정갈한 밑반찬, 밥 한 공기가 함께 나와 푸짐한 한 상이 차려진다. 이외에도 고등어구이와 전복죽 등 제주 특산요리가 맛이 훌륭해 현지인들은 물론 관광객들에게도 맛집으로 입소문이 난 곳이다.",2,1,"","admin"
15,"버드나무집","음식점","33.5413197163","126.6673958034","63333","064-782-9992","제주특별자치도 제주시 조천읍 신북로 540			","함덕해수욕장 근처에 있는 버드나무집은 손칼국수로 유명한 맛집이다. 메뉴는 해물손칼국수, 매생이손칼국수, 들깨칼국수가 있으며, 한 테이블당 한 메뉴로 통일하여 주문을 받고 있다. 이곳의 특징은 손으로 반죽한 얇고 넓은 칼국수 면과 싱싱한 해물로 우려낸 육수다. 시원하고 깔끔한 국물 덕분에 해장하기 위해 찾아오는 단골들이 많다. 청양고추가 들어간 다진 양념으로 맵기도 조절할 수 있어 얼큰하게 즐기고 싶다면 요청하면 된다. 브레이크 타임은 3시부터 5시다.",2,1,"","admin"
16,"송당나무","음식점","33.4769510167","126.7890922698","63355","010-9364-2819","제주특별자치도 제주시 구좌읍 송당5길 68-140			","제주시 송당리에 위치한 송당나무는 꽃과 식물이 가득한 가드닝 센터다. 강수량이 많은 송당리는 식물이 자라기 좋은 환경으로 귤 농사 대신 조경수 재배를 가장 많이 하는 동네로 알려져 있다. 허브, 야자나무, 선인장 등 온갖 식물이 가득한 온실 내부에서 에이드, 커피 등 차 한 잔을 즐기며 여유를 느낄 수 있다. 비정기적으로 가드닝 수업을 진행하며 인스타그램에서 확인할 수 있다.",2,1,"","admin"
17,"랜딩 라운지","음식점","33.3049513971","126.3164038528","63522","064-908-2400","제주특별자치도 서귀포시 안덕면 신화역사로304번길 38			","랜딩관 제주신화월드 로비 옆에 위치한 음악과 피아노 선율을 감상할 수 있는 라운지이다. 피아노 연주를 들으며 칵테일을 음미하는 여유, 제주신화월드 랜딩 리조트관 지하 1층에 위치한 랜딩 라운지에서는 부드러운 피아노 선율과 라이브 음악이 울린다. 오픈된 원형 구조의 카페바에서 음료나 디저트, 핑거푸드와 스낵류를 주문하면 널찍한 라운지에서 드실 수 있다. 가족과 휴식을 취할 때도 편하게 이용 가능하다. 비즈니스, 친교 등 다양한 목적의 만남을 가지거나 음악을 들으며 휴식을 취하기에 좋다.",2,1,"","admin"
18,"시골가마솥 돗궤기","음식점","33.2825991631","126.7209248299","63621","064-764-7798","제주특별자치도 서귀포시 남원읍 남조로 32			","제주도 서귀포시 남원읍에 위치한 시골가마솥 돗궤기는 제주 청정 무항생 흑돼지구이와 맛있는 백하수오해물탕, 해물 전복뚝배기를 판매한다. 넓은 주차장이 있어 편리하게 이용할 수 있다.",2,1,"","admin"
19,"쉬는팡가든","음식점","33.2668096189","126.3947034614","63534","064-738-5833","제주특별자치도 서귀포시 상예로 244(상예동)","쉬는팡가든은 제주도 서귀포에 있는 흑돼지 전문점이다. 신선한 재료와 저렴한 가격으로 흑돼지 오겹살을 맛볼 수 있으며, 깔끔한 인테리어와 넓은 주차장으로 보다 편안하게 식사를 즐길 수 있는 곳이다.",2,1,"","admin"
20,"백기해녀의집","음식점","33.4499422661","126.9223924466","63641","064-782-0673","제주특별자치도 서귀포시 성산읍 일출로 88-19			","백기해녀의집은 광치기해변 인근에 있는 해산물을 전문으로 하는 음식점이다. 섭지코지에서 성산일출봉 가는 길가에 위치하고 있으며 성게, 해삼 등 해산물과 성게해삼물회, 성게칼국수 등 식사류를 제공한다.",2,1,"","admin"
21,"삼보가든","음식점","33.4367342104","126.6765362872","63346","064-784-8181","제주특별자치도 제주시 조천읍 비자림로 653			","삼복가든은 제주 미니랜드 인근에 위치한 한식 전문 음식점이다. 백숙, 볶음탕, 김치찌개, 된장찌개, 뼈다귀해장국, 정식 등 다양한 한식메뉴를 제공하며, 아침식사도 가능하다. ",2,1,"","admin"
22,"한림칼국수 제주본점","음식점","33.4155882987","126.2615228216","63032","070-8900-3339","제주특별자치도 제주시 한림읍 한림해안로 141			","한림칼국수 제주 본점은 협재 해수욕장 인근에 있는 칼국수 전문점으로, 오랜 세월 한자리를 지켜오며 많은 단골을 만든 전통 맛집이다. 푸짐하고 가성비가 좋으며 아침 식사도 가능해서 아침부터 많은 손님이 찾는다. 메뉴는 4가지로, 보말 칼국수, 닭칼국수 영양보말죽, 매생이 보말전 등이 있다. 대표 메뉴인 보말 칼국수는 매생이가 들어간 덕에 걸쭉하며, 국물이 가볍지 않아 한 그릇만 먹어도 포만감이 느껴진다. 취향에 따라 청양고추를 넣어 먹어도 좋다.",2,1,"","admin"
23,"닐모리동동","음식점","33.5177555652","126.4877952847","63114","064-745-5008","제주특별자치도 제주시 서해안로 452			","문화카페 닐모리동동은 (주)NXCL의 제주지역 문화 공헌 프로젝트로서 제주를 담은 인테리어와 식음, 각양각색의 문화행사로 제주 문화 다양성에 기여하고자 한다. 닐모리동동의 수익금은 제주 지역 내 문화 다양성 지원 기금으로 전액 사용된다. 닐모리동동의 천장은 오름, 조명은 해녀들이 사용하던 테왁, 오픈키친은 초가와 돌담을 형상화하여 인테리어 하였고, 곳곳에서는 제주 사투리를 발견할 수도 있다. 또한, 제주 지역의 음식재료로 만든, 혹은 제주를 표현한 음식, 디저트, 음료 등을 판매하고 있다. 제주를 현대적으로 표현한 닐모리동동에서는 여러가지 문화행사도 진행되고 있다.",2,1,"","admin"
24,"목스키친","음식점","33.3065391943","126.7837299601","63626","010-3157-0828","제주특별자치도 서귀포시 표선면 일주동로6455번길 21			","제주 서귀포시 표선에 있는 목스키친은 제주 감성이 가득 묻어있는 퓨전 양식 맛집이다. 핑크빛 외관이 눈에 띄어 찾기 쉬우며 테라스가 있어 날이 좋을 때 표선 앞바다를 보며 식사하기 좋은 곳이다. 실내에 들어서면 아기자기한 소품들로 꾸며놓은 포토존도 있다. 목스키친의 메뉴는 제주 닮은 리조또, 제주 많은 필라프, 그대와 제주 라멘으로 모두 제주산 해산물이 들어간다. 황게, 전복, 딱새우 등이 올라간 리조또는 수제 로제 소스로 만들어 해산물을 안 좋아하는 사람도 부담 없이 즐길 수 있다. 테이블에서 치즈를 직접 그레이터로 갈아 주어 재미를 더한다.",2,1,"","admin"
25,"[백년가게]향원복집","음식점","33.2411790255","126.5648726139","63596","064-762-2341","제주특별자치도 서귀포시 부두로 43			","제주 대표 복요리 전문점으로 1966년 개업 후 아들이 대를 이어 52년간 운영중이다. 매일 한림항에 들어오는 참복만을 이용해 요리한다. 복지리, 복 불고기 등 다양한 복요리를 즐길 수 있다. 제주에서만 맛볼 수 있는 참복 사시미를 대표 메뉴로 영업중에 있다.",2,1,"","admin"
26,"선흘곶","음식점","33.5082297468","126.7179949446","63340","064-783-5753","제주특별자치도 제주시 조천읍 동백로 102			","선흘곶은 제주시 조천읍에 있는 한식집이다. 입구를 들어서면 주인장의 손길이 닿은 정겨운 느낌의 내부와 오밀조밀하게 꾸며놓은 넓은 정원이 손님들을 반긴다. 제주에서 나는 식자재로 만든 건강한 쌈밥이 이 집의 주력 메뉴다. 반찬이 풍성하게 차려지고 부드럽고 야들야들한 돔베고기와 고등어구이, 그리고 쌈 채소가 나온다. 쌈에 고등어와 돔베고기를 올리고, 양념과 함께 싸서 먹으면 건강한 한 끼 식사를 즐길 수 있다. 매주 화요일은 휴무이며, 넓은 주차장이 있다.",2,1,"","admin"
27,"새둥지","음식점","33.5006748230","126.5317362966","63208","064-753-4868","제주특별자치도 제주시 동광로4길 11			","[제주시 이도이동에 위치한 한식 전문점 새둥지]<br /> 새둥지는 제주시청 인근에 있는 한식 전문 음식점이다. 새둥지에서는 한치물회, 자리물회가 유명하다.",2,1,"","admin"
28,"성미가든","음식점","33.4375757895","126.6768806820","63346","064-783-7092","제주특별자치도 제주시 조천읍 교래1길 2			","[제주시 조천읍 교래리에 위치한 토종닭백숙 전문점 성미가든]<br>성미가든은 제주 조천읍 고래리에 위치한 토종닭백숙 전문점이다. 메뉴로는 샤브샤브, 닭볶음탕 두가지 메뉴가 있으며, 샤브샤브 메뉴의 경우에는 샤브샤브, 백숙, 녹두죽이 코스로 제공된다. 성미가든에서는 기본적으로 샤브샤브 메뉴가 주문이 들어가기 때문에 닭볶음탕을 주문하고자 하는 경우 반드시 이야기 해야 한다.",2,1,"","admin"
29,"춘미향","음식점","33.2315564087","126.2961655744","63528","064-794-5558","제주특별자치도 서귀포시 안덕면 산방로 382			","서귀포에 있는 춘미향은 도민들에게 인정받은 맛집으로 알려져 있다. 제주도를 방문하는 여행객들에게 소문이 나 춘미향을 한 번도 안 와본 사람은 있어도 한 번만 오는 사람이 없다 할 정도로 맛과 가격 면에서 칭찬하는 후기들을 많이 볼 수 있다. 온 가족이 함께 운영하는 곳으로 어머니는 밑반찬을, 아버지는 낚시를, 형제는 맛깔난 요리들을 내온다. 산지에서 얻은 신선한 재료와 제철 식재료를 이용하여 맛과 건강을 챙길 수 있는 곳이다. 이곳의 대표 메뉴는 돈목살 100g, 보말 미역국, 옥돔, 딱새우, 밑반찬이 나오는 춘미향 정식이다. 그 외 단품으로 생선구이, 찜, 조림, 근고기, 두루치기 등 다양한 메뉴가 있어 선택의 폭이 넓다. 주차 공간이 따로 마련되어 있지 않고 가게 앞 몇 자리뿐이라 사람이 많을 때는 주차가 어려울 수 있다.",2,1,"","admin"
30,"하멜상선전시관","문화시설","33.2334120350","126.3137501186","63528","","제주특별자치도 서귀포시 안덕면 사계남로216번길 24-30(안덕면)","네덜란드 호르콤시에서 출생한 헨드릭하멜은 동인도회사 선원으로 상선인 스페르웨르호를 타고 일본으로 가던 중 1653년 8월 16일 일행 36명과 함께 제주 핸안에 표착하였다. 그 후 13년간의 조선에서의 생활을 자세히 소개한 보고서 형태의 '하멜표류기'로 우리나라를 서방세계에 최초로 알리게 되었다. 네덜란드 동인도회사 소속으로 하멜일행을 태우고 일본 나가사끼로 향해하다 난파된 스페르웨르호는 1648년에 암스테르담에서 건조된 3층 갑판의 범선으로 수송과 연락의 역할을 위한 것으로 알려져 있다. 스페르웨르호는 대양향해용 범선인 바타비아호를 모델로 재현한 것이다. <br>",6,1,"","admin"
31,"건강과 성 박물관(제주)","문화시설","33.2549657152","126.3459024043","63531","","제주특별자치도 서귀포시 안덕면 일주서로 1611			","서귀포 산방산과 중문 관광단지 사이에 있는 건강과성박물관은 7000㎡ 크기의 실내 전시공간과 야외 조각공원이 합쳐진, 성을 테마로 한 공간으로는 명실상부 세계 최대의 성박물관이다. 어둡고 숨기는 것에 익숙한 성을 밝고 건강하게 보고 느낄 수 있도록, 다양한 전시구성을 한 것이 특징이다. 야외에 있던 조각공원, 내부의 성교육전시관, 성문화 전시관으로 양분화 되었던 공간이 2층 전시공간을 확장하면서 현재 S-Education, S-Culture, S-Fantasy, S-Gallery, S-Book cafe, S-Store의 6가지 성관련 테마를 중심으로 구성되어 있다.<br>* 개관일 2006년 03월 18일<br>",6,1,"","admin"
32,"서복전시관","문화시설","","","63596","","제주특별자치도 서귀포시 칠십리로 156-8(서귀동)","중국 진시황 때 사자 서불(徐福=徐市)이 삼신산의 하나인 한라산에서 불로초를 구하려고 동남동녀 500쌍을 거느리고 동쪽으로 왔다가 정방폭포 암벽에 '서불과지(徐市過之)'라는 글자를 새기고 서쪽으로 돌아갔다고 전해지고 있다. 서복전시관은 이러한 설화에 기초하여 중국인 등 외국인 관광객에게 문화적 볼거리를 제공하기 위해 정방폭포 인근에 건립되었다. 중국과 일본의 역사를 잇는 구비문화유적으로서 자원적 가치가 높다.<br /><br />전시관에는 진시황의 청동마차와 병마용갱(兵馬俑坑)의 실물 복제품과 친황다오(秦皇島)시에 있는 서복 비석 복제품, 원자바오 총리 친필 휘호가 새겨진 태산석(泰山石), 허베이성(河北省) 친황다오시가 기증한 서복동도상(徐福東渡像) 조각작품 등이 전시되어 있다. 영상실에는 불로촌의 전설과 서복의 고향을 현지 촬영한 다큐멘터리와 애니메이션으로 구성한 동영상을 상영한다. 서복공원의 담장은 관광객들의 지적에 따라 높이를 3.5m에서 1.5m로 낮추고, 관람객들이 중국 원자바오 총리의 실물 크기 사진과 함께 촬영할 수 있는 포토존도 설치했다. 주변해안을 조망할 수 있는 전망대와 쉼터 등이 조성되어 있다.<br>",6,1,"","admin"
33,"방림원","문화시설","33.3373165134","126.2685961746","63005","","제주특별자치도 제주시 한경면 용금로 864			","3천여 평의 방림원 곳곳에는 수십 년에 걸쳐 수집한 유럽, 아프리카, 아메리카 대륙의 세계각국 야생화 3천여 종이 자연적인 미와 더불어 소박한 들꽃의 청조함을 느낄수 있다. 방림원 박물관 내  유리 온실 안에는 그 계절에 피고 지는 200여 종의 작품들이 변화되고 있고 제주도 모형과 태극기의 이미지를 야외정원 곳곳에는 계절에 따른 테마로 이루어진 공간에서 웃음과 기쁨을 자아 내기도 한다. 또한 국내 자생식물 90가지와 귀화식물 10가지를 더한 100가지 식물을 심은 백화동산, 자연의 형태를 그대로 살린 형제 폭포경관, 연못안의 잉어들의 노님을 보고 있으면 마음이 그야 말로 행복해진다. 또, 다른 실내 전시공간인 양치류 관내에는 세계 각 나라의 양치류(고사리류)들의 새로운 모습이 볼 수 있고, 벌레를 잡아먹는 식충식물들이 아이들의 호기심을 만족시켜준다. 공사중에 발견된 방림굴은 제주도에서도 희귀한 붉은 송이돌로만 이루어져 있고 굴안에서 송이돌의 음이온을 받아 갈수 있다.<br /><br />* 주요 야생화 - 노루귀, 호자나무, 한라돌창포<br>",6,1,"","admin"
34,"해녀박물관","문화시설","33.5235831721","126.8634514136","63362","","제주특별자치도 제주시 구좌읍 해녀박물관길 26			","해녀박물관은 1932년 제주해녀들이 인간의 존엄성과 생존권을 무참히 수탈하는 일제에 맞서 여성이 주체가 되어 투쟁했던 제주해녀항일운동의 발상지에 자리 잡고 있다. 제주해녀는 세계적인 존재로 어려운 작업 환경을 딛고 끈질긴 생명력과 강인한 개척정신으로 인해 제주여성의 상징으로 자리매김해 왔다. 불과 20여 년 전만 하더라도 우리 삶의 현장에서 가정 경제의 핵심적 역할을 했으나 30~40대 해녀가 15%도 되지 않는 현상황에서 해녀문화의 보존을 위한 전문 해녀박물관의 갖는 위상은 매우 뜻깊은 일이라고 할 수 있다.<br /><br />역사 속에서 형성된 해녀들만의 독립적이고 주체적인 문화는 향토문화유산으로서 뿐만 아니라, 전 세계적으로 주목받는 중요한 관광문화자원으로 발전해 나갈 것이다. 해녀박물관은 제주만의 독특한 해녀, 어촌, 해양문화의 계승, 발전을 위하여 제주해녀항일운동기념공원 조성사업과 연계해서, 2003년 12월 23일 공사를 착공, 85,951m²(2만 6천평)의  부지에 총 124억 원을 투자하여 지상 4층에 전체면적 4,002m²의 규모로 지어졌다. 주요시설로는 4개의 전시실과 영상실, 전망대, 휴게실, 야외전시장 등으로  구성되어 있으며 2006년 6월 9일에 개관하였다.<br /><br />제주해녀들의 생존과 삶, 자존의 역사를 담은 해녀박물관은 제주의 상징인 “해녀”를 주제로 그들의 생활풍습, 무속신앙, 세시풍속, 해녀공동체 뿐만 아니라 제주민의 역사, 여성, 생업, 경제, 해양, 신앙, 연희 등 제주의 전통문화를 총망라하여 전시했다. 제주해녀들이 남긴 소중한 문화유산을 발굴, 보존하고 해녀 전문 박물관에  걸맞은 특색있는 기획전시와 지속적인 해양 민속 발굴로 21세기 세계적 문화예술의 메카로 가꿔 나가는데 기여하고자 함이다.<br>",6,1,"","admin"
35,"닥종이인형박물관","문화시설","33.2468275374","126.5102161129","63572","064-739-3905~6","제주특별자치도 서귀포시 월드컵로 33			","우리 전통 한지인 닥종이를 정성스럽게 하나하나 붙이고 말리는 과정을 수없이 반복해서 만든  닥종이인형은 놀랍게도 우리의 모습과 많이 닮았다. <br />  요즘 아이들에게 인기 있는 로봇, 외국인형 등과 같은 장난감에서는 찾을 수 없는 딱지귀신 광수, 구슬치기 왕 종철이, 군것질대장 기연이, 개다리 춤을 잘 추던 문수, 대통령이 되겠다던 병석이, 꼴지만 하던 순구.부드럽고 익살스런 표정으로 살아있는 듯한 닥종이 인형들이 제주를 찾은 고객에게 따스함과 정겨움을 드리기 위해 가슴 설레며 기다리고 있다. <br />  이밖에 1954년 대통령컵 골프대회, 1962년 해녀 매스게임, 잊혀진 CF 등 희귀 영상을 감상하거나 DJ 박스, 추억의 교실에서 놀면서 과거로의 시간 여행도 경험할 수 있다.",6,1,"","admin"
36,"제주돌문화공원","문화시설","33.4513683869","126.6567710025","63345","","제주특별자치도 제주시 조천읍 남조로 2023			","돌문화 공원은 돌의 고장 제주에 있는 돌문화를 종합적이고 체계적으로 보여주는 박물관이자 생태공원이다.2020년까지 전체공원이 조성되며, 제1단계로 제주돌박물관, 제주돌문화전시관, 제주의 전통초가 등의 전시관이 완공되어 공사가 시작된지 7년 만인 2006년 6월 3일 문을 열었다. 제주의 돌문화를 한곳에서 볼 수 있는 돌문화공원은 규모가 워낙 커서 여유로운 일정으로 둘러보는 것이 좋다. 돌문화 공원은 제주만의 독특한 자연유산인 오름 앞에 자리잡고 있으며, 돌을 쌓아 만들어 놓은 성곽의 형태를 따라 나지막한 오르막길을 올라가면 주변 전망이 시원한 돌문화공원 입구에 다다르게 된다.<br /><br />입구를 지나 관람로를 따라가다보면 설문대할망과 그 아들인 오백장군 설화로 엮은 각종 돌조형물들을 만나게 되고,거석 사이를 통과하여 숲속오솔길을 따라가다 보면 박물관과 제주의 전통초가들을 볼 수 있는데, 특이하게도 박물관은 지상이 아닌 지하에 자리잡고 있다. 자연 환경과 주변 경관을 해치지 않기 위해서 그렇게 지어졌다고 한다. 야외 전시장에는 48기의 돌하르방, 사악한 기운과 액운을 몰아낸다는 방사탑, 도둑이 없어 대문도 없다는 제주의 상징인 정주석, 무덤 주위에 세워 망자의 한을 달래준다는 제주만의 내세관을 보여주는 동자석 등 제주의 역사와 전통 자연미를 함께 느낄수 있는 자연과 문화의 쉼터이다.<br>",6,1,"","admin"
37,"제주국제평화센터","문화시설","33.2443708606","126.4220626997","63546","","제주특별자치도 서귀포시 중문관광로 227-24(중문동)","대한민국 정부에 의해 제주도가 동북아와 한반도의 평화정착에 기여하는 ' 세계평화의 섬'으로 지정되어, 그동안 제주도가 평화를 실천하게 된  역사적 배경과 평화 실천사업, 미래에 대한 비전을 특수기법을 이용 전시하고 있다. 지난 '91년 4월 한ㆍ소 정상회담 이후 제주도에서 계속된 전ㆍ 현직 세계정상들과 남북평화실천과 교류활동, 제주를 방문한 세계정상, 4.3특별법과 노벨평화상 수상자, 평화와 인류애를 몸소 실천하는 사람, 국가(제주포함)의 위상을 드높인 인물 및 제주영상을 소재로 세계에 제주의 이미지를 알린 연예인 등을 선정, 평화라는 내용으로 밀랍을 제작ㆍ전시하여 교육 및 체험의 장으로 활용되어지고 있다.<br>",6,1,"","admin"
38,"제주테지움","문화시설","33.4120435500","126.3935836397","63037","","제주특별자치도 제주시 애월읍 평화로 2159			","테지움 사파리는 세계 최초로 야생동물과 수중동물 꽃과 새들을 모두 봉제인형으로 제작하여 전시되는 새로운 개념의  박물관이다. A동 1층의 야생동물존에는 호랑이, 코끼리, 사자 표범 등의 동물인형과 다양한 포즈의 테디베어와 함께 사진을 찍을 수 있도록 전시되어 있고 2층에는 돌고래, 상어를 비롯하여 문어, 거북이 등 수중 동물인형과 홍학, 학, 오리떼 등 다양한 인형들이 있다. B동 2층으로 넘어오게 되면  4m의  엎드린 테디베어에서 어린이들이 자유롭게 뛰어놀 수 있는 놀이터와 드라마  '뉴하트'에 등장했던 모든 테디베어와 테지움아트갤러리에는 영화패러디, 그리스신화 테디베어, 세계의상 테디베어들이 전시되어 있다.B동 1층의 선물코너에서는 다양한 형태의 테디베어 소품들과 사랑스러운 여러가지의 테디베어를 구매할 수 있다. 특히 A동의 1층과 2층에 걸쳐 조성되어 있는 소원 들어주는 나무는 관람객들이 써넣은 소원들을 선별하여 매원 소원을 들어주는 행사로 계획하고 있다.<br>",6,1,"","admin"
39,"세계자동차&피아노 박물관","문화시설","33.2834376347","126.3499458641","63526","","제주특별자치도 서귀포시 안덕면 중산간서로 1610			","2008년 4월 새로이 개관한 세계자동차&피아노 박물관은 아시아 최초 개인소장 세계자동차&피아노 박물관으로 제주도 서귀포시 안덕면 상창네거리 인근 157,000㎡ 규모에 대한민국 최남단 환상의 섬 마라도가 한눈에 펼쳐지는 아름다운 풍광을 자랑한다. 또한, 클래식카 70여 대, 경비행기 3대 그리고 어린이들이 직접 시운전을 해볼 수 있는 미니 자동차 체험관까지 마련되어 있다.  세계 최초의 자동차인 독일의 ‘벤츠 페턴트카’, 전 세계에 6대뿐인 영국의 ‘힐만 스트레이트8’, 영국 왕실의 전용차로 쓰였던 ‘롤스로이스 실버스퍼’ 등, 좀처럼 보기 힘든 옛날 명품 자동차들을 비롯해 기네스북에도 등재된 경비행기 ‘BD-5’. 전 세계 27개 완성차업체가 제작한 클래식카 59대와 국산차 10대 등, 1890~1970년대 차량 69대가 전시되어 있다.<br>",6,1,"","admin"
40,"아프리카 박물관","문화시설","33.2398992429","126.4290955229","63544","064-738-6565","제주특별자치도 서귀포시 이어도로 49(대포동)","아프리카박물관은 1998년 11월 서울 대학로에 아프리카란 우리에겐 다소 생소한 문화를 토대로 한 박물관을 개관하였으며, 2004년 12월 새로운 문화적 도약을 위해 제주도 서귀포시 중문관광단지 국제컨벤션센터 동쪽에 박물관 건물을 신축하고 이전하였다.<br>서귀포시 중문관광단지에  새롭게 선보인 아프리카박물관의 건물은  서아프리카 말리의 젠네에 위치하고 있는 이슬람 대사원을 토대로 설계하였다. 젠네 대사원은 흙으로 지어진 건물 중 세계 최대규모이며, 국제 문화 협력 교류기관인 유네스코는 전 인류가 함께 보존 해야할 세계문화 유산으로 지정하고 있다. 신축된 아프리카 박물관은 아프리카 대륙 문화의 정통성을 훼손하지 않고 보다 다양한 시각으로 소개하고자 하는 본 박물관의 의지를 표방하고 있다.<br><br>* 아프리카 민속 공연(공연시간 30분) : 1회 11:30 / 2회 14:30 / 3회 17:30<br>※ 매주 월요일은 공연이 없음<br>",6,1,"","admin"
41,"조안베어뮤지엄","문화시설","33.2402687253","126.4340950813","63544","","제주특별자치도 서귀포시 대포로 113(대포동)","제주도 남부 서귀포시의 중문관광단지 내에 위치하고 있는 조안베어뮤지엄은 세계적으로 유명한 테디베어 아티스트인 조안 오의 작업실이자 전시공간이다. 박물관에서는 천연의 소재로 만들어진 테디베어를 만날 수 있으며, 제주 자연의 아름다움과 느긋한 휴식을 취할 수 있는 곳이다. 나지막한 언덕에 있는 조안베어뮤지엄에서는 백여 년 된 오십 그루의 소나무들과 돌담들이 그대로 보존되고 있어 제주 올레를 함께 할 수 있는 곳이다.<br>",6,1,"","admin"
42,"초콜릿 박물관","문화시설","33.2570220058","126.2300235314","63504","","제주특별자치도 서귀포시 대정읍 일주서로3000번길 144			","1,500여 평의 탁트인 시원한 전망을 자랑하는 박물관 앞마당은 제주원석으로 만들어진 야트막한 담으로 둘러져 있어 밖에서도 박물관 정원의 순박한 아름다움을 한껏 느끼게 되어 있다. 박물관 건물 전면에 심어져 있는 감나무들은 건물과 자연스런 조화를 이루며 담을 따라서 삼나무가 녹색의 자연담을 이루고 있어 보는 이로 하여금 녹음의 정취를 자아내게 한다. 남제주군 대정읍 일과리의 대정농공단지내에 위치한 초콜릿박물관은 웅장하거나 화려하지는 않지만 제주의 자연과 어우러진 소박한 규모의 초콜릿전문 박물관이다.<br />화산활동으로 생성된 제주고유의 송이석으로 지어진 박물관건물은 European Style의 이국적인 고성의 느낌을 주며 4958.7m²에 이르는 넓은 대지 위에서 느끼는 아늑함은 내방객들에게 아늑함과 낭만의 서정을 동시에 느끼게 해준다. 초콜릿박물관은 인간과 함께 숨쉬며 살아온 초콜릿의 역사와 오늘날 유럽을 필두로 한 지구상의 모든 초콜릿에 대하여 잘 살펴보고 알 수 있도록 기초 문화의전당 역할과 더불어, 과연 최고 품질의 초콜릿이 무엇인지, 그 맛이 어떠한지를 알 수 있게 한 ""Real Chocolate Place"""" (초콜릿 맛의 명소)이다.<br>""",6,1,"","admin"
43,"제주항일기념관","문화시설","33.5410109898","126.6407703457","63331","","제주특별자치도 제주시 조천읍 신북로 303			","일제는 1910년 한국을 국권침탈하여 식민통치를 하고 무단정치를 실시하여 언론, 출판, 결사를 비롯한 모든 자유를 박탈하자 우리의 선조들은 이에 항거하여 항일투쟁을 해오다 1919년 3월 1일 유관순열사의 대한독립만세운동으로 한반도 전역에서 체계적이고 조직적인 항일만세운동이 펼쳐져 조국 광복의 밑거름이 되었기에 우리나라의 3월은 특별한 의미를 지니고 있다.<br />기미년 3.1 독립만세운동은 제주지역까지  이어져 1919년 3월 21일부터 3월 24일까지 제주도 제주시 조천읍 소재 미밋동산(지금은 만세동산이라 부름)에서 거행되었다. 이러한 선열들의 뜻을 기리고 계승하기 위하여 1993년부터 의거지인 이곳에서 기미 독립운동 만세대행진 행사가 매년 열리고 있는 가운데 지난 1991년 재일동포 김봉각씨의 5억원 기탁으로 3.1독립운동기념탑이 건립된 계기로 조천만세동산 성역화사업이 추진되었다.<br>",6,1,"","admin"
44,"테디베어뮤지엄 제주","문화시설","33.2536335404","126.4102024105","63535","","제주특별자치도 서귀포시 중문관광로110번길 31(색달동)","흔하게 서양 어린이들이 하나씩은 갖고 있는 '곰돌이' 인형은 단순한 완구가 아닌 가족과 같은 느낌이 든다. 한국의 대표적 관광지 제주도 중문관광단지내에 위치한 곰인형박물관, 일명 테디베어뮤지엄(Teddybear Museum)은 지난 2001년 4월 개장, 가족단위나 연인이 함께 즐길 수 있는 테마파크로 자리 잡았다. 영국, 일본, 미국 등지에서는 이미 널리 알려진 테디베어 박물관이지만 우리로서는 다소 생소한 이색박물관으로, 곰인형에 관해서는 세계 최대규모(총면적 13,553㎡, 연건평 4,297㎡)를 과시하며 제주를 찾은 관광객들에게 색다른 여행의 묘미를 안겨준다.'테디베어'는 우리가 흔히 곰돌이 인형이라고 즐겨 부르는 곰의 모양의 봉제완구를 통칭하는 말로, 미국의 제 26대 대통령인 테어도어 루즈벨트 시절 곰사냥에서 한 마리도 잡지못한 대통령을 위해 한 보좌관이 생포해 온 새끼곰을 풀어주었다는 이야기가  당시 언론에 크게 실리면서, 한 실업가가 이를 본딴 인형을 상업적으로 만들어 팔면서 널리 알려지게 되었다.<br>",6,1,"","admin"
45,"제주도민속자연사박물관","문화시설","33.5064214033","126.5313500889","63270","","제주특별자치도 제주시 삼성로 40			","제주특별자치도민속자연사박물관은 제주도 고유의 고고·민속 자료와 동물, 광·식물, 해양생물 자료들을 수집하고 조사 연구를 통해 전시하고 있는 곳이다.<br /> 지난 1984년 5월 24일 개관한 이래 실물자료와 모형·마네킹 등을 활용해 입체적으로 전시함으로써 이국적인 느낌을 주는 제주문화를 보다 쉽게 이해할 수 있도록 하고 있다. 로비에 대형어류 및 해양생물 디오라마 전시를 비롯하여 제주도 형성사, 여러가지 암석, 한라산의 식물 수직분포도, 곤충, 포유류 등 제주의 형성과정과 여러 자연생태까지도 한눈에 볼 수 있다. 그리고 제주인의 일생, 생업, 의식주 등을 통해 과거 제주인의 생활을 접할 수도 있다.",6,1,"","admin"
46,"감귤박물관","문화시설","33.2711819574","126.6080904173","63605","","제주특별자치도 서귀포시 효돈순환로 441(신효동)","서귀포감귤박물관은 제주특산물인 감귤을 테마로 감귤의 세계를 한눈에 보고, 느끼고, 체험할 수 있도록 개관한 공립전문박물관으로 감귤의 역사와 문화, 산업과 노동현장을 엿볼 수 있는 의미있는 전시 등을 통해 제주인의 삶의 모습을 반추해 볼 수 있다.<br />감귤의 발생, 역사와 종류, 재배방법 등을 다양한 패널과 영상으로 구성하고, 유리온실에는 전 세계 84품종의 감귤류를 식재 전시하여 사계절 싱싱한 감귤(생과)을 감상할 수 있도록 조성되어 감귤에 관한 모든 것을 체험하고 배울 수 있는 곳이다.<br>",6,1,"","admin"
47,"제주현대미술관","문화시설","33.3398745180","126.2656713719","63005","","제주특별자치도 제주시 한경면 저지14길 35			","2007년 9월 1일에 개관한 제주현대미술관은 본관과 분관으로 이루어져 있으며, 본관은 지하1층·지상2층의 연면적 1,773㎡으로 김흥수화백 기증작품전시 특별전시실과 상설전시실, 그리고 2개의 기획전시실 및 수장고·자료실·아트샵 등으로 구성되어 있으며, 분관은 지상1층의 연면적 166㎡ 건물로 박광진화백 기증작품이 특별전시되어 있다. 이 밖에도 제주현대미술관이 위치한 약 99,383㎡의 저지문화예술인마을에는 20여동의 예술인 창작 건축물이 건축되어 있고 1,000여 명이 동시관람이 가능한 야외공연장 시설과 어린이 야외조각공원 등 복합문화공간으로서의 기반을 갖추어 가고 있다.<br /><br />* 2005년 12월 착공한 이후 지금까지 총 34억 원을 투자해 제주자연 친화성을 우선으로 건축경기 현상공모로 최우수작품인 김건촉(건축사 김석윤)이 실시설계를 한 작품<br>",6,1,"","admin"
48,"제주민속촌","문화시설","33.3212774115","126.8431355929","63629","","제주특별자치도 서귀포시 표선면 민속해안로 631-34			","제주민속촌은 2001년에 개관한 제1종 전문 박물관으로 1890년대를 전시 기준 연대로 하여 제주의 민속자료를 종합적으로 정리하여 전시하고 있으며, 100여채에 달하는 제주 전통가옥은 제주도민이 생활하였던 가옥과 돌, 기둥 등을 그대로 옮겨와 복원해 전시하고 있다. 이 전통 가옥에는 생활용구, 농기구, 어구, 가구, 석물 등 민속자료가 전시되어 있다. 제주민속촌에는 제주는 물론 우리나라의 향토수종 및 꽃들을 식재하여 사계절 내 꽃들을 볼 수 있으며 재래흑돼지 및 가금, 가축을 사육하고 있어 자연학습장 기능도 겸하고 있다. 이외에도 다양한 테마별 전시장과 체험가옥, 전통민속놀이 체험장을 통해 다양한 볼거리와 체험거리를 제공하고 있다.<br>",6,1,"","admin"
49,"김영갑 갤러리(두모악)","문화시설","33.3724080600","126.8542667942","63635","","제주특별자치도 서귀포시 성산읍 삼달로 137			","루게릭병으로 인해 거동조차 불편했던 몸으로 옛 삼달초등학교를 직접 다듬고 손질해서 멋진 갤러리로 탈바꿈시킨 사진작가 고 김영갑씨의 열정과 제주도의 고요와 평화를 담은 그의 작품을 감상할 수 있다. <br />바람처럼 제주도의 겉모습만 훑고 떠나는 관광객들은 좀체 느껴보기 어려운, 제주도의 아름다운 속살이 그의 작품 속에 고스란히 드러나 있다. 오름, 초원, 바다, 안개, 바람, 하늘, 그리고 왠지 모를 쓸쓸함까지 제주도에 존재하는 모든 것을 그의 사진 속에서 찾아볼 수 있다.<br>",6,1,"","admin"
50,"제주 탑동해변공연장","문화시설","33.5179061303","126.5243032176","63165","","제주특별자치도 제주시 중앙로 2(삼도이동)","제주시의 가장 북쪽인 삼도2동 탑동 제2공원에 소재한 제주해변공연장은 아름다운 제주해변 풍광과 함께 시원한 바다내음을 음미하며 다양하고 수준높은 무대 공연을 관람할 수 있는 야외공연장이다. 1993년 착공, 95년 3월에 대지면적 10,200㎡에 건물 연면적 1,955 ㎡ 지상 3층의 공연장 건물과 노천 객석 2500여 석 규모로 전국 유일의 바다가에 인접한 공연장으로 준공되었으며 구조를 갖춘 공연장으로는 국내 최초의 야외공연장이었다.<br>",6,1,"","admin"
51,"제주서커스월드공연장","문화시설","33.3143952464","126.3449344975","63524","","제주특별자치도 서귀포시 안덕면 동광로 214			","* 현재 휴관 중이므로 방문 전 확인 요망제주서커스월드공연장(구, 해피타운)은 제주씨월드(주)에서 새로운 관광 및 공연 문화의 발전을 위하여 중국에서도 인정받는  최고의 기예단을 엄선한 최상의 스텝으로 구성되어 설립된 정통중국기예 공연장이다. 2004년 1월에 공연을 시작하여 제주도 최고의 관광지이자 공연장으로 자리매김하였으며, 특히 국내에서 최초로 소개되는 오토바이공연은 지금까지는 경험하지 못한 최고의 공연으로 극찬받았다. 2007년 하반기부터는 국내 최초로 또 한번 가위춤을 선보였으며, 중국단원으로 구성된 우리의 음악 아리랑을 선보이면서 공연장의 새로운 패러다임을 선보이고 있다. 예술성까지 가미된 공중 자전거쇼를 비롯한 서커스월드의 공연은 제주도민은 물론, 제주도를 찾는 모든 관광객들이 한번쯤은 경험해 볼 만한 최고의 공연이다.<br>",6,1,"","admin"
52,"제주세계성문화박물관","문화시설","33.2462414754","126.5092439880","63572","","제주특별자치도 서귀포시 월드컵로 33(법환동)","인류가 서로 다른 환경속에서 삶들을 살아오면서 각 지역마다 다르게 표현한 다양한 性문화들을 모아놓고 즐기며 보기도 하고 보는 우리 모두가 이성과 함께 性문화를 만들어 간다는 것을 공감하며 감추어진 문화에서 나타나는 문화의 공간으로 함께 즐기며 재미있는 시간이 되기를 바라는 장소이다.  각국의 성문화를 엿볼 수 있는 그림과 조각, 자연물 등 2천여점의 성 유물이 전시 중이다.<br>",6,1,"","admin"
53,"헬로키티아일랜드","문화시설","33.2900841569","126.3521344149","63526","","제주특별자치도 서귀포시 안덕면 한창로 340			","헬로키티아일랜드는 세계에서 많은 사랑을 받고 있는 캐릭터 헬로키티를 주모델로 한 캐릭터 전문 전시관이다. 헬로키티의 역사, 가족, 음악과 공연교육, 전시, 3D영상관, 체험활동, 기획작품 갤러리 등 다채롭고 풍성한 문화 공간이자 다양한 헬로키티상품을 만날 수 있는 Brand shop으로 구성되어 있다.<br>",6,1,"","admin"
54,"제주 추사관","문화시설","33.2498068953","126.2785639201","63517","","제주특별자치도 서귀포시 대정읍 추사로 44			","제주추사관은 조선후기 대학자이자 예술가인 추사 김정희 선생의 삶과 학문 예술세계를 기리기 위해 지난 2010년 5월 건립되었다. 제주추사관의 전신은 1984년 지주지역 예술인들과 제주사 연구자들의 노력으로 건립된 추사유물전 시관이다. 그러나 전시관이 낡은데다, 2007년 10월 추사유배지가 국가지정문화재로 승격되면서 그 격에 걸맞게 재건립되어야 한다는 여론에 따라 새롭게 제주추사관을 완공하였다. 제주추사관은 추사기념홀을 비롯해 3개의 전시실과 교육실, 수장고 등의 시설을 갖추고 있으며, 부국문화재단, 추사동호회 등에서 기증해 주신 '예산김정희종가유물일괄', 추사 현판 글씨, 추사 편지 글씨, 추사 지인의 편지 글씨 등을 전시하고 있다.<br>",6,1,"","admin"
55,"드라마월드","문화시설","33.3519191227","126.3605878552","63040","","제주특별자치도 제주시 애월읍 화전길 3			","드라마월드는 1500평의 실내 세트장으로 되어 있는 드라마 스튜디오다. 실제 실내 드라마 세트장과 복원 세트장이 함께 있는 스튜디오로 전시관 내 모든 의상과 소품은 무료로 체험할 수 있다. 단 한복, 웨딩드레스 체험만 유료로 진행하고 있다.(별도 요금 : 5,000원) 드라마월드에서는 서부시대, 유럽거리 등 월드 세트장에서 웨스턴 웨딩, 카우보이, 셀프 웨딩, 모자장수, 왕좌의 게임 체험을 할 수 있는 월드스튜디오와 한국사극 세트장과 한류 세트장, 1900년대 세트장, 테디베어 특별전시를 관람할 수 있다.<br>",6,1,"","admin"
56,"제주커피박물관 Baum (제주커피박물관 바움)","문화시설","33.4398957772","126.8991669121","63641","","제주특별자치도 서귀포시 성산읍 서성일로1168번길 89-17			","제주 커피박물관 바움은 약 2만 2천 평 규모의 숲이 한눈에 보이는 커피 박물관이다. 박물관, 전망대, 솔밭 공원, 삼나무, 편백 숲 등 규모가 커서 반나절 정도 둘러보기 좋은 관광 코스다. 커피 박물관은 200년 역사를 가진 커피에 대해 깊은 고찰과 연구가 묻어난 곳이다. 전시실에는 세계 여러 나라에서 수집한 커피 그라인더와 로스터기, 커피 팟과 잔 세트 등이 전시돼 있다. 체험실과 로스팅 실에서는 커피 브루잉 체험이 가능하고, 로스팅하는 모습을 볼 수 있다. 2층 라운지에서는 신선한 커피와 베이커리를 즐길 수 있다.",6,1,"","admin"
57,"법환동 청소년문화의집","문화시설","33.2355344019","126.5141993540","63573","","제주특별자치도 서귀포시 막숙포로 70-1			","법환동 청소년문화의집은 지역청소년들의 건전한 여가생활영위 및 청소년들의 푸른성장을 위하여 다양한 문화교육활동과 청소년활동지원사업을 운영하고 있다.<br>",6,1,"","admin"
58,"아쿠아플라넷 제주","문화시설","33.4328331325","126.9278590339","63642","","제주특별자치도 서귀포시 성산읍 섭지코지로 95			","아쿠아플라넷제주는 제주 동부 성산일출봉 옆에 위치한 국내 최대의 아쿠아리움이다. 수조 용적량이 1만 800톤에 달하는 월드 클래스급 초대형 해양종합문화시설로써, 전시생물 450여종 4만5천여마리의 생물들이 전시되어 있다. 특히 최대 6,000톤까지 해수를 수용할 수 있는 메인(Main)수조는 2만 7천마리의 어류를 관람할 수 있는 초대형 수조로 수조앞면(가로23mX세로8.5mX수심11m)에서 바라보다보면 마치 바닷속에 들어와 있는듯한 착각을 불러온다. 이러한 아쿠아리움시설은 현재 아쿠아플라넷여수의 2배, 삼성코엑스 아쿠아리움의 3.6배, 부산씨라이프의 3배의 규모이다. 매 시간마다 진행하는 오션아레나 공연과 제주전통해녀시연은 또 다른 볼거리이다.<br /><br />※개관일 : 2012년 7월 14일<br>",6,1,"","admin"
59,"삼매봉도서관","문화시설","33.2447978549","126.5512403807","63594","","제주특별자치도 서귀포시 남성중로153번길 15(서홍동)","제주특별자치도에 있는 15개의 공공도서관 중 한 곳으로 서귀포시 서홍동에 있다. 다양한 자료를 수집·제공함으로써 도민의 독서생활화에 기여하고 있으며, 다양한 계층별 독서·문화프로그램을 통해 도민들의 평생교육 실현에 앞장서고 있는 문화·소통의 복합공간이다.<br>",6,1,"","admin"
60,"조천읍도서관","문화시설","33.5377090094","126.6676791949","63333","","제주특별자치도 제주시 조천읍 일주동로 1189			","제주특별자치도에 있는 15개의 공공도서관 중 한 곳으로 제주시 조천읍에 있다. 다양한 자료를 수집·제공함으로써 도민의 독서생활화에 기여하고 있으며, 다양한 계층별 독서·문화프로그램을 통해 도민들의 평생교육 실현에 앞장서고 있는 문화·소통의 복합공간이다.<br>",6,1,"","admin"
61,"휘닉스 제주 섭지코지","숙박","33.4302500880","126.9280674087","63642","064-731-7000~5","제주특별자치도 서귀포시 성산읍 섭지코지로 107			","천혜의 자연과 비일상의 즐거움이 공존하는 휘닉스 제주 섭지코지는 숙박, 휴양, 레져, 문화가 공존하는 친환경 해양 종합리조트로, 리조트 면적만 66만㎡로 바다를 향해 호리병 모양으로 뻗어 있는 섭지코지 전체를 아우르는 규모로 세계자연문화유산 성산일출봉과 마주하고 있다.<br>세계적인 건축거장 안도다다오가 직접 설계한 글라스하우스, 지니어스로사이 및 마리오보타의 아고라 등 현대 건축 작품들을 만날 수 있다. 콘도미니엄은 34평형 실, 54평형 실 등 총 300여 실로 구성되어 있으며 실내·외 수영장과 해양레포츠센터, 테라피센터, 로비라운지(섭지), 한식당(일출봉), 노래방(콩콩)과 가요주점(문라이트) 등의 부대시설을 비롯한 편의점(CU)와 PC방, 테디베어, 허브, 기념품샵 등의 편의시설을 갖추고 있다. 휘닉스 제주의 유원지인 ‘섭지코지’ 의 해안 절경을 만끽할 수 있음은 물론, 전동카트, 자전거, 해마열차, 꽃마차 등 레포츠 시설도 마련되어 있다.",8,1,"","admin"
62,"토비스콘도 제주","숙박","33.4631615996","126.3117312768","63043","064-799-4400","제주특별자치도 제주시 애월읍 애월로1길 8			","토비스콘도 제주는 '애월'의 한담해변(패들보드, 서핑, 스쿠버, 카약)에 있는전통있는 휴양콘도이다. 이곳은 올래길이나 라이딩코스와 이어져 있고 전지훈련, 수학여행, 기업 연수 등의 편리한 입지조건을 가지고 있다.",8,1,"","admin"
63,"스타즈 호텔 제주 로베로(구 로베로호텔)","숙박","33.5128872053","126.5220229746","63168","064-757-7111","제주특별자치도 제주시 관덕로 26			","제주의 자연과 생활을 한눈에 경험할 수 있는 스타즈 호텔 제주 로베로는 내 집 같은 편안한 서비스로 고객에게 최고의 가치를 선사한다. 객실은 커튼을 젖히면 푸른빛 바다가 살며시 내려와 앉는 쾌적한 공간의 실내 분위기로 다양한 최신 설비를 갖추고 있으며, 고객을 한 번 더 생각하는 서비스를 통해 편안하게 머무를 수 있도록 모든 편의를 제공하고 있다.이태리식 정통 디자인으로 연출된 최고의 분위기로 연회문화를 선도하는 대연회장은 각종 세미나, 회갑, 결혼 등 다양한 모임을 한결 격조 높은 분위기로 이끌어준다.스타즈 호텔 제주 로베로의 사우나는 완벽하게 조화시킨 휴식공간과 함께 지하에서 분출되는 천연의 생수로 피로에 지친 하루를 상쾌하게 풀어준다. 또 이용실&마사지에서는 여행에서 쌓인 피로를 마사지로 말끔히 씻어낼 수 있는 최고의 건강휴식처이다. 이처럼 편안한 여행의 즐거움을 마음껏 만끽하고 삶의 여유와 넉넉함을 즐기며 추억으로 간직할 소중한 시간을 만들 수 있는 격조 높은 휴식처가 될 수 있도록 스타즈 호텔 제주 로베로는 항상 정성이 깃든 최고의 서비스를 제공하고 있다.",8,1,"","admin"
64,"제주 오리엔탈호텔","숙박","33.5176172015","126.5198091709","63166","064-752-8222","제주특별자치도 제주시 탑동로 47			","제주시 탑동 해변가에 아늑한 남국의 정취를 맞이하며 서 있는 제주오리엔탈호텔은 다양한 객실과 500명의 국내/외 세미나를 동시에 개최할 수 있는 대연회장과 3개소의 중소형 연회장, 그리고 각종 레스토랑과 사우나 시설을 갖추고 있다. 제주오리엔탈호텔은 리조트 고객과 비즈니스 고객을 위한 최적의 장소, 최고의 시설을 갖추고 있다.<br /><br />또한 제주 국제공항과 4Km 이내의 거리에 위치하고 있어 매우 편리한 교통을 자랑하며 제주시 중심가에 자리하고 있어 쇼핑은 물론 먹을거리, 즐길 거리 등이 있다. 호텔 바로 앞 탑동 해변가를 따라 산책로와 공원이 조성되어 있어 새벽 조깅 및 산책이 가능하고 호텔에서 서쪽으로 10분 정도의 거리에 있는 용두암 및 해안도로와 카페촌은 최적의 드라이브 장소와 데이트 코스로 손꼽히고 있다. 호텔 바로 옆으로는 횟집과 토속음식점들이 즐비하게 늘어서 있어 제주의 맛과 멋을 풍기며 미식가들의 환영을 받고 있다.<br /><br />호텔 내의 부대시설로는 비즈니스센터, 카지노, 커피숍, 로비라운지, BAR 등이 마련되어 있으며 설비와 고객의 취향을 만족시켜주는 최상의 서비스를 통해 편안하고 안락하게 지내실 수 있도록 모든 편의를 제공하고 있다.<br>",8,1,"","admin"
65,"라사니아캐슬","숙박","33.3735137915","126.8727651671","63634","064-784-6027","제주특별자치도 서귀포시 성산읍 일주동로 5199			","자연과 하나된 고급스러움을 더한 유럽형 리조트 라사니아캐슬은 표선바다를 수놓은 붉은 노을이 바다처럼 내려앉는 곳에 위치해 있다. 고단한 하루를 마친 태양이 황혼의 석양을 뽑낼 때 일상에 지친 모든 이들에게 일몰의 여운을 방 한가득 담아 선사한다. 자연과 하나되는 친근함을 모티브로 더 여유롭고 건강한 휴식을 위해 건축물 전체에 싱그러운 자연의 향기를 담았다.잔잔한 수평선을 바라보며 프라이빗하게 즐기는 수영장과 야외스파, 자연의 여유로움을 느끼며 거닐 수 있는 산림욕장과 산책로, 가족과 함께 맛있는 바비큐 파티를 즐길수 있는 바비큐장등 다양한 부대시설을 경험할 수 있다.",8,1,"","admin"
66,"서귀포KAL호텔","숙박","33.2443539282","126.5808072727","63599","064-733-2001","제주특별자치도 서귀포시 칠십리로 242			","바닷가에 위치한 서귀포칼호텔은 앞으로는 그림처럼  섬들과 넓은 바다 그리고 뒤로는 병풍처럼 한라산이 보이는 곳에 위치한 리조트풍의 호텔로서 서귀포를 방문하는 모든 분들이 가장 편리하게 이용할 수 있다. 제주시와 공항으로부터 50분, 서귀포 시내로부터 10분, 그리고 오사카에서는 약 1시간 반, 도쿄에서는 약 3시간 거리에 위치하고 있다.<br><br>수려한 자연의 신비와 남국의 꿈과 낭만을 담은 서귀포칼호텔은 지하 2층, 지상 9층의 규모로 남태평양이 한눈에 바라다 보이는 씨 사이드와 한라산 전망이 아름답게 펼쳐진 마운틴 타입까지 전통양식의 온돌방과 침대방, 스위트룸 등의 객실을 갖추고 있다.<br><br> 각종 국제회의시설의 대연회장부터 가족 연회실에 이르기까지 행사장으로 마련된 대·중·소 연회실에서는 사회단체와 직장의 기념회를 비롯하여 결혼식, 약혼식, 회갑연이 가능하고 남태평양이 바라다 보이는 레스토랑, 로비라운지, 피트니스센터(사우나, 헬스, 실내수영장), 산책로 등을 갖춘 패밀리 리조트 호텔이다.<br>",8,1,"","admin"
67,"조은리조트","숙박","33.2357951330","126.4920040497","63564","064-739-0640","제주특별자치도 서귀포시 이어도로 721(강정동)","제주도 서귀포시에 위치한 조은리조트는 다양한 최신 설비를 갖추고 있으며 고객을 한 번 더 생각하는 서비스를 통해 편안하게 머무를 수 있도록 모든 편의를 제공하고 있다. 또한 다양한 평수와 각각의 다른 주제와 색깔을 지닌 객실을 갖고 있다. 침대, 소파, 식탁 등 모든 가구는 제주 장인이 직접 디자인하고 제작한 원목가구로 본드나 페인트를 전혀 사용하지 않았으며 가구 하나하나에도 살아있는 자연의 숨소리를 담았다.<br /><br />부부와 연인들의 결혼기념일, 생일 등 다양한 추억을 남길 수 있는 이벤트 등은 이색적인 공간속에서 더욱 특별함을 느낄 수 있다. 각종 차와 입욕제는 직접 만든 순수 자연산으로 마음 놓고 즐길 수 있으며, 유네스코 전통작품으로 인증된 제주 흙으로 만든 제주 도예의 세계를 만나볼 수 있는 공간도 준비되어 있다. 세미나실, 노래방, 레스토랑, 수영장, 바비큐장 등 편리한 각종 부대시설은 고객들의 휴식에 한층 즐거움을 더해주며 관광지와 유원지, 낚시, 스포츠 시설 등 모두 반경 5분 거리에 있어 언제 어디서든 만족을 느낄 수 있는 휴양지이다.<br>",8,1,"","admin"
68,"금호리조트 제주","숙박","33.2737526275","126.7028238197","63620","064-766-8000","제주특별자치도 서귀포시 남원읍 태위로 522-12			","금호리조트 제주는 남원관광지에 위치하고 있으며 초원과 해안절벽을 끼고 세워져 있다. 서귀포에서 동측방향으로 15km, 표선으로부터 서남방향으로 5km 지점에 위치하고 있어 서귀포 중문 관광단지와 제주민속촌, 성산일출봉 등 풍부한 주변관광지를 가지고 있다. 모든 객실에는 에어컨이 완비되어 있고 케이블/위성 채널, 냉장고 및 평면 TV도 제공하고 있다. 부대시설로는 편의점, 연회장, 특산품점, 아쿠아나(실내수영장) 등이 마련되어 있다.",8,1,"","admin"
69,"켄싱턴리조트 서귀포","숙박","33.2335425563","126.4890126926","63564","064-739-9001","제주특별자치도 서귀포시 이어도로 684			","켄싱턴리조트 서귀포는 송림지대에 자리 잡았기 때문에 초기 설계부터 자연친화적인 측면을 강조했다. 제주에서 유일한 담수 강정천과 서귀포 앞바다에 위치해 천혜의 입지조건을 갖추고 있으며 원래 인적이 드문 곳이라 조용하다.",8,1,"","admin"
70,"푸른제주 펜션","숙박","33.4659879111","126.9345132486","63643","064-783-4830","제주특별자치도 서귀포시 성산읍 한도로 256			","아름다운 세계 7대 경관 성산일출봉 바로 앞에 위치한 최고의 전원휴양지인 성산일출봉과 우도가 보이는 곳에 푸른제주가 자리하고 있으며 모든 객실에서 바다가 보이고 바다내음을 맞을 수 있는 푸른제주 펜션이다. 주변으로는 광치기해변트레일, 펜션앞 조개잡이 무료체험장과 용당바닷길 산책로가 있어 최고의 풍광을 자랑하고 있다.<br>",8,1,"","admin"
71,"호텔 뉴크라운","숙박","33.4843704127","126.4902569387","63133","064-742-1001","제주특별자치도 제주시 신광로 87			","바다와 한라산이 한눈에 내려다보이는 위치에 객실과 훌륭한 편의시설, 넓은 주차장을 완비하고 있는 호텔뉴크라운은 공항과 관광명소, 스포츠 시설들과 아주 가깝게 위치하고 있다. 웨딩홀에서는  결혼식을 위해 호텔뉴크라운 예식부에서 모든 준비를 하고 예비 신혼부부를 기다리고 있다. 이 밖에도 연회장에서는 기억에 남을 만한 연회를 연출하고 서비스를 제공한다. 사우나, 체력장, 수면실, 휴게실, 이·미용실 등은 최신식으로 설계되어 여행에서 쌓인 피로를 씻어낼 수 있다. 또한 토산품점, 나이트클럽, 단란주점, 스포츠마사지실, 칵테일바 등도 마련되어 있다.",8,1,"","admin"
72,"C&P리조트","숙박","33.3899501906","126.8308461996","63635","064-784-7701","제주특별자치도 서귀포시 성산읍 중산간동로 4328-63			","전면으로는 쪽빛 바다가 손에 잡힐 듯하고 객실침대에 누워서도 바다 일출을 볼 수 있다. 후면으로는 한라산과 오름들이 자아내는 비경이 인상적이다. 카페테리아, 세미나실, 자료실도 갖춰져 있어 전문직 종사자들의 각종 미팅 장소로도 활용할 수 있으며 아기자기한 소품과 공예품을 제작, 구입할수 있는 공방에서도 특별한 여행의 추억이 완성된다.<br>",8,1,"","admin"
73,"썬랜드 호텔","숙박","33.4839982207","126.4895708953","63132","064-744-1601~2","제주특별자치도 제주시 신광로 92			","푸른 바다와 천혜의 자연히 살아 숨쉬는 아름다운 섬, 썬래드호텔은 제주 시내 중심에 위치하여 관광과 쇼핑의 메카라 불릴 수 있는 현대식으로 꾸며진 최고급 객실을 비롯한 편리하고 아름다운 호텔로서 최고의 서비스와 정성으로 고객의 편안하고 즐거운 여정을 위해 최선을 다하고 있다.아름다운 제주 바다의 밤하늘과 정정한 자연의 푸르름이 묻어나는 남국의 정취속에서 오래도록 기억될 좋은 추억을 함께 하길 바란다.",8,1,"","admin"
74,"메종글래드 제주","숙박","33.4856341402","126.4889153601","63132","","제주특별자치도 제주시 노연로 80			","제주국제공항과 10분 거리에 위치한 메종글래드 제주는 제주 도민의 삶 속 깊이 자리잡은 랜드마크이자, 제주 고유의 매력을 경험할 수 있는 호텔이다.시간의 가치를 증명하는 고풍스러운 건물 외관에서 볼 수 있듯, 40여 년 역사와 전통을 존중하는 헤리티지와 모던의 균형있는 가치를 간직한 호텔로서 제주의 감성을 더한 스마트 럭셔리(Smart Luxury)를 통해 특별한 경험을 느낄 수 있다. 전통을 살려 더욱 품격있는 분위기가 돋보이는 본관, 실용적이면서도 모던한 디자인의 신관을 비롯하여 루프톱 가든과 채광창으로 아름다운 제주의 하늘을 감상할 수 있는 최상층 프레지덴셜 스위트 등 다양한 타입의 스위트 객실이 마련되어 고품격 휴식을 제공한다.뿐만 아니라, 메종글래드 제주는 국제수준의 제주도 대표적 골프클럽인 오라컨트리클럽(36홀), 제주시 유일의 야외 패밀리 수영장&인피니티 풀, 솔향 가득한 힐링 공간 메종힐스 산책로 등 대규모 부대시설을 통해 도심 속 환상적인 리조트 라이프스타일을 경험할 수 있다.",8,1,"","admin"
75,"하니크라운호텔","숙박","33.5051714812","126.5275532246","63197","064-758-4200","제주특별자치도 제주시 삼성로 10(이도일동)","하니크라운호텔은 뉴크라운, 밀라노크라운과 같은 크라운계열사의 호텔이다.바다와 한라산이 한눈에 내려다보이는 위치에 자리하고 있으며 안락하게 꾸며진 객실과 편의시설, 지상주차장을 완비하고 있다. 현대적 감각의 로비를 갖추고 있으며 도심 속의 정원이 있고 국제 수준의 실내장식과 서비스를 느낄 수 있다. 또한 유일하게 수목(아열대식물)과 잔디로 조성된 산책로를 갖추고 있다.객실은 언제 들어서더라도 깨끗함과 안락함을 느낄 수 있도록 심플하게 꾸며져 있다. 호텔 내의 부대시설로는 연회장, 예식장(야외예식장), 세미나 전용 건물(신관), 한·양식당, 커피숍 등이 마련되어 있으며 편리함이 갖추어진 설비와 고객의 취향을 만족시켜주는 서비스를 통해 안락하게 지내실 수 있도록 편의를 제공하고 있다.",8,1,"","admin"
76,"제주캐슬펜션","숙박","33.2412257100","126.5312505263","63571","064-739-6780","제주특별자치도 서귀포시 태평로92번길 36			","제주캐슬펜션은 제주도 서귀포에서도 해안절경이 뛰어난 돔베낭골 해안절벽 가까이 위치하고 있으며 모든 객실에서 누워서도 바다와 섬을 볼수 있다. 깨끗함과 포근함을 두루 갖춘 콘도형 펜션이다. 객실마다 모든 시설과 부대시설이 잘 갖추어져 있다.<br>",8,1,"","admin"
77,"예래펜션","숙박","33.2539916775","126.4002560434","63536","010-9744-7768","제주특별자치도 서귀포시 예래해안로 527(상예동)","발코니에서 제주 먼바다 및 한라산 정경이 수려하고 인근이 절대 개발 불가 지역으로서 자연이 잘 보호되어 있다. 중문 해변까지 차로 4분 거리, 중문 관광단지 2분 거리이며 주상절리, 자동차 박물관 등 각종 박물관과 및 올레 8코스가 통과한다. 편의시설로는 취사가 가능하고 객실마다 인터넷 선 및 홀에서는 pc, 무선인터넷, 와이파이가 가능하다. 마을 용천수가 나오는 곳이 있어 한여름에 시원한 목욕을 즐길 수 있다.",8,1,"","admin"
78,"제주 스위트호텔","숙박","33.2490784581","126.4083582278","63535","064-738-3800","제주특별자치도 서귀포시 중문관광로72번길 67			","싱그러운 북태평양의 푸른 바다와 매혹적인 한라산이 우아한 자태를 뽐내는 섬, 제주도. 제주의 수려한 자연경관과 사람들이 한데 어울린 제주 중문단지 내에 자리한 제주 스위트호텔은 고객을 한 번 더 생각하는 서비스를 통해 편안하게 머무를 수 있도록 모든 편의를 제공하고 있다.제주 스위트호텔은 객실 90개를 보유하고 있으며 포근하고 아늑한 객실은 언제 들어서더라도 깨끗함과 안락함을 느낄 수 있도록 늘 준비되어 있고 현대적인 감각에 발맞춰 모던하고 심플하게 꾸며져 있다. 호텔 내의 부대시설로는 대연회장, 중연회장, 소연회장, 실내수영장, 포르테(가족노래방), 편의점, 비즈니스센터, 기념품점, 발 마사지 샵 등이 마련되어 있다. 비즈니스맨을 위한 회의시설과 최첨단 장비를 갖춘 비즈니스센터는 고객들이 다양한 비즈니스를 진행하는 데 도움을 주고 있다. 그 밖의 무료 인터넷, 컴퓨터, 프린터, 복사, 팩스 및 전화 서비스도 제공하고 있다.또한 다양한 규모의 화려하고 격조 높은 맛을 풍기는 각 연회장에서는 기억에 남을 만한 연회를 연출하고 품격 있는 서비스를 제공하고 있다. 편안한 여행의 즐거움을 마음껏 만끽하고 삶의 여유와 넉넉함을 즐기며 추억으로 간직할 소중한 시간을 만들 수 있는 격조 높은 휴식처가 될 수 있도록 제주 스위트호텔은 항상 정성이 깃든 최고의 서비스를 제공하고 있다.",8,1,"","admin"
79,"제주 금강산콘도","숙박","33.3795865508","126.2502662709","63015","064-795-7800","제주특별자치도 제주시 한림읍 협재로 210-18			","제주 금강산콘도는 전원형 별장식 휴양콘도미니엄으로서 천혜의 자연경관을 이용한 전원속의 빌라 형태로 내장시설과 시스템을 갖춘 한 차원 높은 미래형 콘도이다. 제주도내 재릉관광단지인 협재해수욕장 인근에 위치한 제주금강산콘도는 천연 자연경관을 그대로 살린 전원 별장형 콘도로서 제주도내 콘도 중 최고 수준의 콘도를 목표로 완성된 콘도이다. 한림공원, 분재예술원, 비양도, 쌍룡굴 등 다양한 관광명소를 갖추고 있어 방문한 고객들로부터 큰 호평을 받고 있다.객실은 고객이 만족할 수 있도록 안락하고 편안하게 꾸며져 있으며 작은 소품 하나에도 세심한 정성을 다한 흔적이 역력하다. 피곤한 몸과 마음을 쉬어갈 수 있는 비즈니스맨과 관광객에게 최고의 호텔로 다가갈 것이다. 콘도 내의 부대시설로는 수영장, 슈퍼마켓, 야외행사장 등이 마련되어 있으며 모든 편리함이 갖추어진 최신 설비와 고객의 취향을 만족시켜주는 최상의 서비스를 통해 편안하고 안락하게 지내실 수 있도록 모든 편의를 제공하고 있다. 고객 여러분의 안락한 휴식과 품위 유지를 위해 전 직원들이 항상 최선을 다하며 정성된 마음으로 다가가고자 끊임없이 노력하고 있다.",8,1,"","admin"
80,"제주 선샤인호텔","숙박","33.5442887425","126.6618101092","63333","064-780-4100","제주특별자치도 제주시 조천읍 신북로 481-9			","제주선샤인호텔은 ‘조은산’에서 인수하여 1년여에 걸쳐 전면적인 개보수공사를 마치고 새로운 모습으로 탄생했다. ‘조은산’의 경영이념인 ‘진실된 마음, 넉넉한 마음, 나누는 마음’을 바탕으로 언제나 고객의 입장에서 고객편의를 우선으로 생각하고 실천하며 깨끗하고 편안한 호텔로 기억되기 위해 끊임없이 노력하고 있다. 맑고 깨끗한 옥빛바다 함덕해수욕장에 위치한 제주선샤인호텔은 가족휴양지 및 허니문, 워크숍, 세미나 등의 장소로 적합한 리조트형 호텔이다. 호텔 바로 앞에 해수욕장이 자리하고 있어 맑고 깨끗한 바다를 한눈에 감상할 수 있고 탁 트인 멋진 풍경과 파도소리를 들을 수 있다.또한 호텔 앞에는 넓고 푸른 잔디 광장이 있어 산책하기에도 좋으며 야외 테라스도 있어 휴양지로는 제격이다. 호텔 객실은 온돌 및 양실로 구분되어 등급별로 다양하게 준비되어 있으며 깔끔한 인테리어와 고급스러운 가구들로 편안하고 안락한 휴식처를 제공한다. 또 호텔 내부에 레스토랑, 카페, 바 등의 부대시설이 함께 운영되고 있어 단란한 가족 여행지로 안성맞춤이다.",8,1,"","admin"
81,"사조리조트 제주","숙박","33.5517830527","126.7051311743","63339","064-782-8600","제주특별자치도 제주시 조천읍 일주동로 1616-7			","사조리조트 제주 휴양콘도미니엄은 제주의 하루는 어둠을 가르며 해가 솟아 오르는 일출봉의 장관으로 시작한다. 온 섬을 노랗게 물들이는 봄의 유채꽃, 여름의 쪽빛 바다, 가을 들판의 억색풀과 눈덮인 한라산이 기다리는 겨울~! 한라산의 품안에서 바다를 굽어보는 자리에 최고의 시설을 갖춘 호텔식 콘도미니엄이다. <br>",8,1,"","admin"
82,"소노벨 제주","숙박","33.5414475505","126.6718093061","63333","1588-4888","제주특별자치도 제주시 조천읍 신북로 577			","소노벨 제주는 제주공항에서 불과 20km 거리에 위치하고 있으며 국제자유도시 함덕관광지구(46만㎡)에 펼쳐지는 초대형  리조트이다. 금방이라도 바다로 뛰어들어 항해를 시작할 듯한 호화유람선을 연상시키는 소노벨 제주에서 마치 지중해의 휴양지에 온 것처럼 환상적인 휴가의 추억을 남길 수 있다.안락하고 편안한 객실을 보유하고 있고  객실에는 다양한 설비를 갖추고 있으며, 고객을 한 번 더 생각하는 서비스를 통해 편안하게 머무를 수 있도록 모든 편의를 제공하고 있다. 또한 연회장 및 세미나실을 구비하고 있으며 팜가든, 스넥코너, 편의점, 빨래방, 사우나, 헬스클럽 등도 마련되어 있다. 고객 여러분의 안락한 휴식과 품위 유지를 위해 전 직원들이 항상 최선을 다하며 정성된 마음으로 다가가고자 끊임없이 노력하고 있다.",8,1,"","admin"
83,"제주이도펜션(구 제주펜트하우스)","숙박","33.2552762873","126.4901454413","63558","064-738-4450<br />064-738-4460","제주특별자치도 서귀포시 일주서로 166-61			","서귀포 칠십리 앞바다를 눈 아래 두고 한라산 한 자락을 베개 삼아, 다소곳이 자리 잡은 제주이도펜션은 고객의 소중한 시간을 더더욱 유익하고 편안하게 즐길 수 있게 해줄 것이다.다양한 크기의 객실과 넓은 공간에 격조 높은 인테리어, 실내장식은 고객의 품위를 더욱 높여주며 모든 편리함이 갖추어진 설비와 고객의 취향을 만족시켜주는 서비스를 통해 편안하고 안락하게 지내실 수 있도록 모든 편의를 제공하고 있다. 또한 30분 거리 내에 도내 모든 골프장이 위치해 있고, 각종 해양스포츠를 즐길 수 있는 서귀포항이 근접해 있어 편안한 레저생활을 할 수 있다. 또한 5분 거리 내에 월드컵경기장과 중문 서귀포의 빼어난 관광명소들이 인접해 있어 매우 편리한 휴식처이다.부대시설로는 수영장과 골프퍼팅연습장이 마련되어 있으며 고객 여러분의 안락한 휴식과 품위 유지를 위해 전 직원들이 항상 최선을 다하며 정성된 마음으로 다가가고자 끊임없이 노력하고 있다.",8,1,"","admin"
84,"클럽다인리조트","숙박","33.4714751921","126.3512637615","63046","064-799-2600","제주특별자치도 제주시 애월읍 애월해안로 400-9			","다인리조트는 뚜렷한 사계절과 청정바다, 한라산과 기생화산인 오름들을 두루 갖춘 동북아 최고의 관광지이다. 세계 각국의 정상회담을 유치함으로써 국제 자유도시의 면모를 보여주고 있으며 평화의 섬으로 지정된 제주도의 ‘한국형 클럽메드’를 지향하는 리조트로 국내 최초의 풀옵션 해양마린 리조트를 갖추고 있다.<br>제주시 애월읍에 위치한 ‘다인리조트’는 휴양지에 도착할 때부터 돌아가는 비행기를 타는 순간까지 차량과 레포츠, 관광 등을 모두 관리해준다. 회원에게는 제주공항 도착 및 출발 시 픽업서비스가 제공되며 골프와 승마, 요트 등 해양레포츠 관광일정도 챙겨준다. 다인리조트의 객실 내부는 벽난로, PDP, 다락방, 천연옥돌방 등 웰빙시설도 갖추고 있다. 건축자재는 캐나다산 원목을 사용해 고풍스런 분위기를 연출하고 겨울에는 따뜻함, 여름에는 시원함을 더해준다.<br>부대시설로는 헬스클럽과 세미나실, 비즈니스룸, 유아놀이방, PC방, 바비큐장, 야외극장, 노래방, 편의점 등을 마련해두고 있다. 세일링 요트를 타고 선상파티도 즐길 수 있으며, 윈드서핑, 승마체험도 제공된다.",8,1,"","admin"
85,"제주 칼 호텔","숙박","33.5056519667","126.5264921949","63194","064-724-2001","제주특별자치도 제주시 중앙로 151			","제주 칼 호텔은 1974년 2월 17일 최초 개관하여 제주 관광·역사에 있어 대전환기이자 새로운 출발점을 알리는 계기가 되었으며, 제주발전을 위한 선도적 기업으로 품격 높은 호텔이다. 제주국제공항으로부터 약 10분거리로 제주시 중심 번화가에 자리하고 있어 관광지의 접근성이 뛰어나며 제주도를 방문하는 모든 분들이 가장 편리하게 이용할 수 있을 뿐 아니라 시내 중심 가장 높은 곳에 자리잡고 있어 제주의  야경을 볼 수 있는 Business & Resort 호텔이다. 초현대적 리조트풍의 격조 높은 분위기와 세심한 서비스 속에서 품위와 편안함을 느낄 수 있는 제주 칼호텔은 공간 배치, 가구선택 하나하나에도 고객을 위한 마음과 정성이 배어 있다. 전문 요원들의 회의 보조진행 서비스 등 국제회의와 학술 세미나를 위해 완벽한 조건을 갖춘 대연회장과 가족 연회실에 이르기까지 세련된 분위기 속에 최고의 시간을 맞이할 수 있으며, 미식가들조차도 감탄하는 한·일·중·양식 전문 레스토랑에서는 미각의 향연을 즐길 수 있다. 제주 시내 곳곳을 한눈에 내려다볼 수 있고 에메랄드 빛 수평선 바다전망이 아름다운 객실은 포근한 침대와 오렌지 빛 조명으로 더욱 아늑한 실내 분위기를 자랑한다.그밖에도 카지노, 아케이드, 비즈니스센터, 실내수영장, 에어로빅룸, 남·녀 의류점, 토산품점, 꽃집, 잡화점, 스포츠용품점, 제주렌트카, 카페, 로비라운지, 제과점, 메인바 등의 부대시설을 마련해두고 있다.",8,1,"","admin"
86,"하와이관광호텔","숙박","33.4831344575","126.4914707498","63136","064-742-0061","제주특별자치도 제주시 사장3길 32			","제주의 특급 관광 우락시설이 밀집한 신제주 중심에 위치한 제주하와이호텔은  한라산과 자연의 경이로움으로 고객에게 감동을 선사한다. 객실은 고객이 만족할 수 있도록 편안하게 꾸며져 있으며 작은 소품 하나에도 세심한 정성을 다한 흔적이 역력하다. 피곤한 몸과 마음을 쉬어갈 수 있는 비즈니스맨과 관광객에게 호텔로 다가갈 것이다. 갖추어진 설비와 고객의 취향을 만족시켜주는 서비스를 통해 편안하고 안락하게 지내실 수 있도록  편의를 제공하고 있다.다양한 규모의 화려하고 격조 높은 맛을 풍기는 제주하와이호텔의 연회장에서는 기억에 남을 만한 연회를 연출하고 서비스를 제공한다. 또한 비즈니스맨을 위한 회의시설과 최첨단 장비를 갖춘 비즈니스센터에서는 고객들이 다양한 비즈니스를 진행하는 데 도움을 주고 있다. 그 밖의 무료인터넷, 컴퓨터, 프린터, 복사, 팩스 및 전화서비스도 제공하고 있다.",8,1,"","admin"
87,"씨에스 호텔&리조트","숙박","33.2429182080","126.4198240376","63547","064-735-3000","제주특별자치도 서귀포시 중문관광로 198			","제주도 중문관광단지에서 한적하면서도 뛰어난 경관을 감상할 수 있는 곳이 베릿내다. 별이 내리는 개울이란 뜻을 가지고 있는 이곳은 중문의 오아시스 라 불린다. 바로 이 베릿내와 바다가 만나는 곳에 씨에스 호텔이 있다. 오른쪽에는 제주컨벤션센터가 바로 보이고 왼쪽으로는 중문해수욕장과 하얏트호텔이 보이는 경관 좋은 곳이다. 또한 제주도의 여행 트랜드로 자리잡은 올레길 제8코스가 호텔을 통과하고 있는 것도 이곳만의 자랑이다.이곳에는 전통 한옥 두 채가 있다. 고당과 초당이라 이름 붙여진 객실은 완전히 개별적인 독채 형식이다. 씨에스호텔에서도 바닷가와 가장 가까운 맨 아래쪽에 지어져 있어 제주에서 가장 아름다운 잠자리 중 하나로 꼽힌다. 제주 전통의 초가집 외관에 내부는 전통 선비집으로 꾸몄다. 찻상이 놓인 대청마루 양쪽으로 온돌방과 침대방이 각각 하나씩 갖춰져 있다. 방에서 나오면 바로 마당인데, 울창한 해송이 시원한 그늘을 만들고, 햇빛 강한 바다 쪽에는 자그마한 풀장과 선베드까지 놓여있다. 객실에서도 바다가 보이지만 마당에 나서면 발 아래까지 파도가 넘실댄다.굳이 고당과 초당이 아니라도 씨에스 호텔은 객실 모두가 독립적으로 꾸며져 있다. 마치 제주의 집 한 채씩을 임대하는 느낌이다. 뿐만 아니라 모든 객실에서 바다와 문섬을 바라볼 수 있다. 호텔의 오른쪽으로는 제주도의 푸르름이 느껴지는 알드르 잔디광장과 산책로가 자리하고 있는데 야자수와 잔디가 어우러진 산책로로 바다를 보며 가족, 연인과 거닐며 여가를 즐길 수 있다. 산책로를 따라가다 보면 끝은 바다를 통하고 있어 바닷가를 걷는 기분을 느낄 수 있다. 또한 '태양을 삼켜라', '꽃보다 남자', '눈의 여왕', '궁', '미안하다 사랑한다' 등의 촬영 장소로도 유명하며 '상상플러스' 등 국내 유명 방송의 촬영지로도 널리 알려져 있는 곳이다.",8,1,"","admin"
88,"비치스토리호텔 [한국관광 품질인증/Korea Quality]","숙박","33.5420973748","126.6653431863","63333","010-3639-4011","제주특별자치도 제주시 조천읍 조함해안로 492-5			","# 비치스토리호텔은 제주에서도 물빛이 곱기로 유명한 함덕해수욕장 앞에 위치한다. 그림 같은 제주의 바다를 내 집처럼 포근한 숙소에서 누릴 수 있다. 함덕해수욕장은 제주를 대표하는 곳 가운데 하나로 여름 성수기에는 밤 9시까지 야간 개장한다. 물놀이를 즐긴 다음 바로 호텔로 들어가 씻을 수 있어 편리하다.  객실은 디럭스트윈, 트윈, 더블, 온돌로 구성되며, 깔끔한 시설을 갖추고 있다. 간단한 토스트와 한라봉마말레이드, 커피, 주스 등 조식을 먹을 수 있는 레스토랑이 1층에 위치하며, 공용 주방에서 인덕션이나 전자레인지를 이용해 간단한 요리를 할 수 있다. 물놀이 후 마음 편히 세탁 할 수 있는 무료 세탁기가 있다. 비치스토리호텔 앞을 지나는 조함해안로는 해안 경치를 감상하며 드라이브를 즐기기 좋다. 제주올레길19코스가 지나가는 길이라 걷기에도 무척 아름답다. 해수욕장을 굽어보는 카페델문도가 유명하며, 동쪽 해변에 연결된 서우봉은 트레킹 코스로 제격이다. <br>",8,1,"","admin"
89,"신성리조트","숙박","33.2424948134","126.5185571536","63572","064-739-0114","제주특별자치도 서귀포시 이어도로 989			","신성리조트는 제주 서귀포 바다와 웅장한 한라산을 정경으로 넓은 푸른 잔디와 열대 야자수, 두 개의 야외수영장을 갖춘 아름다운 리조트 휴양 시설로 모든 객실이 바다를 조망할 수 있도록 세심한 주위를 기울였다. 또한 골프, 등산, 바다낚시, 스킨스쿠버 등 다양한 여과 활동을 위하여 신뢰 있는 제휴 업체를 통하여 편리하고 저렴한 패키지 상품을 제공함과 동시에 최고의 레저, 휴식공간이 되고자 노력하고 있다. 한식당 ‘앙끄레’에서는 푸른 바다와 범섬을 바라보며 제주의 맛과 정취를 느껴볼 수 있다. ‘앙끄레’는 제주 사투리로 ‘안채’라는 뜻이다. 또 단체식당은 고품격의 인테리어가 돋보이는 아늑한 공간으로 200명이 동시에 식사를 즐길 수 있다. 세미나실은 스크린과 빔프로젝터 등 회의장비가 완비된 세미나 전용공간이며 연회장은 각종 단체 모임 및 기업연수, 가족연회 등 다양한 단체 행사에 적합한 최신의 시설과 장비 등을 갖추고 있다.범섬이 한눈에 들어오는 신성리조트의 정원인 야외가든에서는 꿈과 낭만, 아름다운 추억을 만들 수 있다. 이처럼 신성리조트는 다양한 부대시설을 갖추고 있으며, 고객을 한 번 더 생각하는 서비스를 통해 편안하게 머무를 수 있도록 모든 편의를 제공하고 있다.",8,1,"","admin"
90,"제주로얄호텔","숙박","33.4885171979","126.4916706108","63124","064-743-2222","제주특별자치도 제주시 신대로12길 45			","제주시에서도 가장 중심가에 위치한 제주로얄호텔은 제주도 유일하게 전 종사자가 제주도민에 의해 운영되는 호텔로 제주도만이 갖는 독특한 분위기와 정서를 마음껏 느낄 수 있다. 신제주 중심가에 위치해 있어서 공항은 물론 제주도청, 교육청, 경찰청, 도의회, KBS, MBC등 제주도의 주요기관이 도보 거리에 있고 북쪽으로는 제주공항과 바다를 한눈에 볼 수 있으며 남쪽으로는  한라산을 감상할 수 있다.제주로얄호텔은 주변에 쇼핑을 할 수 있는 재래시장 및 쇼핑센터 등이 있으며 산책할 수 있는 공원이 바로 근처에 있고 바닷가나 해수욕장 등 관광할 수 있는 부분은 택시로 10분이면 원하는 곳을 다닐 수 있다. 지하층은 부대시설로서 남·여사우나가 있으며 1층에는 로비와 커피숍, 식당이 있고 2층에는 소연회장과 한·일식당, 3층부터 9층까지는 객실층으로 한실 19객실, 양실 89객실, 합계 108객실로 이루어져 있다. 또 10층에는 가요주점과 대연회장을 확보하고 고객을 맞이하고 있다.",8,1,"","admin"
91,"소노캄 제주(구 샤인빌 리조트)","숙박","33.3060421741","126.7929069544","63626","02-1588-4888","제주특별자치도 서귀포시 표선면 일주동로 6347-17			","신이 주신 아름다운 섬 제주, 그 제주 남단 표선 해안가에 위치한 소노캄 제주는 가장 가까이 바다와 만나는 곳으로 해안쪽에 정원과 산책로가 아름답게 꾸며져 있는 리조트 호텔이다. 소노캄 제주는 안락하고 편안한 객실 414개를 보유하고 있으며 휴식과 레저에서 비즈니스까지 고객을 위한 원스톱 서비스를 제공하는 복합 문화 휴양 공간이다. 네오클래식풍의 특급 호텔형 객실로 이루어진 메인 빌딩 ‘샤인빌’과 신관 ‘럭셔리’는 66㎡부터 397㎡까지 12가지 객실 타입으로 구분되며 가족은 물론 연인, 친구, 동호회 회원 등 다양한 고객의 구미에 맞게 준비되어 있다. 빌라형의 개인 별장 개념을 도입한 ‘로얄빌’은 객실 48개로 바다를 실내로 끌어들였다고 해도 과언이 아닐 만큼 푸른 바다를 바로 눈앞에서 만날 수 있는 점이 인상적이다. 90㎡, 138㎡, 221㎡, 351㎡으로 구분되며 편안하고 품격 있는 객실은 각종 CF, 드라마의 단골 촬영지이기도 하다. 보다 편안한 서비스를 위해 한·중·양·일식의 레스토랑과 가라오케, 바, 노래방, 인터넷 카페, 피트니스센터와 사우나, 바다와 맞닿은 듯한 실외수영장, 14개의 국제회의장 및 연회장, 3천 명을 동시 수용 가능한 야외 잔디 광장, 씨사이드 바비큐장 등 다양한 부대시설을 갖추고 있다.또한 제주의 빼어난 경관과 원시 자연림을 그대로 조성하여 천연의 자연 조건을 갖추고 있는 ‘샤인빌 CC’ 그리고 국내 최초로 서비스되는 청정 해수(海水) 요법의 ‘딸라소 떼라피(SPA)’, 호텔 고객만을 위한 프라이빗 비치 ‘팜 비치’는 소노캄 제주에서만 누릴 수 있는 특혜이다.",8,1,"","admin"
92,"서귀포 귤림성","숙박","33.2503192271","126.5360193536","63571","064-739-3331","제주특별자치도 서귀포시 일주동로 8941			","이색적인 천혜 감귤밭에서 느끼는 고품격의 펜션하우스 공간, 체험관광을 위한 33,000㎡ 규모의 다채로운 삶의 체험 현장들이 마련되어 있다. 제주의 전통 초가에서 서구식 전원주택, 핀란드식 통나무까지 다양한 분위기와 시설을 바탕으로 제주도의 정과 멋스러움까지 느끼고 갈 수 있는 특색 있는 펜션이다.또한 귤림성 내에 있는 서부작 박물관은 1,000여종의 야생초가 계절마다 자라고 있고, 물을 흠뻑 먹은 제주의 돌에서는 신비한 생명력을 느낄수 있다.",8,1,"","admin"
93,"한화리조트 제주","숙박","33.4488572540","126.6380671275","63330","064-725-9000","제주특별자치도 제주시 명림로 575-107			","한화호텔앤드리조트는 1979년  콘도미니엄 건설을 통하여 레저산업에 첫발을 디딘 이후 현재 전국에서 가장 많은 직영 콘도 체인 및 골프장을 운영하고 있으며, 다양한 범주의 푸드 서비스를 고객에게 제공하고 있다.<br>제주한화리조트는 43평화공원, 노루생태관찰원 맞은편에 있는 콘도미니엄으로 주변에 절물자연휴양림 등 볼거리가 많고 가을이면 특히 리조트 주변의 억새밭이 아름답다.<br>부대시설로는 수산품점, 토산품점, 오락실, 여행정보 안내데스크, 슈퍼마켓, 렌터카샵, 대중골프장, 파크골프장, 테라피센터 등이 마련되어 있다. 넉넉한 여유를 느낄 수 있는 객실에는 다양한 최신 설비를 갖추고 있으며, 고객을 한 번 더 생각하는 서비스를 통해 편안하게 머무를 수 있도록 모든 편의를 제공하고 있다.",8,1,"","admin"
94,"제주월드컵경기장","레포츠","33.2462886912","126.5092023235","63572","064-760-3623","제주특별자치도 서귀포시 월드컵로 33(법환동)","발 아래로 스탠드가 놓여있고 4계절 푸른 잔디가 지하 14m 아래에 자리한 특이한 형태를 지녔고 경기장 스탠드 위와 데크 등 곳곳에서 푸른 바다와 그 위에 점점이 떠있는 섬과 한국 제일의 한라산을 한눈에 볼 수 있는 주변의 자연과 조화를 이루는 경기장이다.",3,1,"","admin"
95,"비자림청소년수련원","레포츠","33.4917108543","126.8113344460","63351","064-782-7001","제주특별자치도 제주시 구좌읍 비자숲길 55(구좌읍)","비자림청소년수련원은 제주시 구좌읍 평대리 비자숲길에 위치한 청소년 수련시설이다.",3,1,"","admin"
96,"메종글래드호텔 수영장(실외)","레포츠","33.4856424724","126.4889236922","63132","","제주특별자치도 제주시 노연로 80(연동)","제주 메종글래드호텔내에 있는 실외수영장이다. 아름다운 정원 속에 위치하여 아늑하고 편안한 휴식을 즐길 수 있다.<br>",3,1,"","admin"
97,"제주도 스쿠터 여행사 한라하이킹","레포츠","33.5130953887","126.5140597738","63152","","제주특별자치도 제주시 용두암길 50-1(용담이동)","제주 한라하이킹은 제주국제공항에서 5분거리, 제주항 여객터미널에서 8분 거리의 용두암 관광지에 위치하고 있는 스쿠터 및 자전거 하이킹 전문샵이다. 자전거 또는 스쿠터를 타고 아름다운 해안절경이 펼쳐진 제주해안도로를 달리는 기분이란 말로 이루어 표현할 수 없는 진한 감동으로 다가올 것이다. 초보자도 얼마든지 탑승이 가능하며 승하차가 간편하기 때문에 렌트카를 이용하는 것보다 오히려 더 섬세한 제주관광을 하실 수 있으리라 본다. 온라인 예약도 가능하다.한라하이킹에서는 각종 제주도의 체험 및 관광지 소개, 쿠폰 판매, 숙박 업소 알선도 하고 있다.<br>",3,1,"","admin"
98,"중문골프클럽","레포츠","33.2542473811","126.4114439561","63535","","제주특별자치도 서귀포시 중문관광로72번길 60(색달동)","중문관광단지에 위치한 중문골프클럽은 해안절벽을 따라 30여만평 부지에 18홀 규모로 1981년에 조성되었다. 국내 유일의 해안코스로서, 연중무휴로 운영중이다. 수려한 주변경관과 단지내의 다양한 관광시설들을 이용할 수 있어 관광의 즐거움을 더해준다.<br /><br />* 특징<br />- 수려한 자연경관과 계곡을 낀 국내유일의 해안코스<br />- 양잔디로 시공, 연중 푸르고 쾌적한 코스<br />- 제주 고유 자생식물과 아열대식물 식재<br />- 국내 최장의 코스거리(B.T. 6,820m)<br />- 회원제 골프장이지만, 국내외 관광객 이용기회를 확대하기 위하여 관광객 공유개념의 비회원제 운영<br />- 최대 내장객 유치를 위한 인코스, 아웃코스 동시 티업<br />- 철저한 사전예약제 운영(경기개시 1개월 전부터 예약접수)으로 예약질서 확립 및 외국관광객 우선 예약<br />- 코스내 착시현상 (내리막, 오르막이 뒤바뀌어 보임)을 보이는 홀(8,11홀) 보유<br />- 2004년 PGA TOUR 신한 코리아 골프 챔피언십개최<br />- 인근호텔에서 도보 5분 거리에 위치함<br>",3,1,"","admin"
99,"우도","레포츠","33.5065448466","126.9533634561","63365","","제주특별자치도 제주시 우도면 우도로 153
			","우도는 소가 누워있는 모양을 닮았다고 해서 일찍부터 소섬 또는 쉐섬으로 불리웠다. 원만한 경사와 옥토, 풍부한 어장, 우도팔경 등 천혜의 자연조건을 갖춘 관광지로써 한해 약 200만 명의 관광객이 찾는 제주의 대표적인 부속섬이다. 민박 등이 가능하고 다양한 낚시를 할 수 있으나 등대 밑을 제외한 전 지역은 수심이 평균 2~3m이기 때문에 파도가 높거나 야간이, 아니면 낚시가 안된다.",3,1,"","admin"
100,"신흥바다낚시공원","레포츠","33.5512932840","126.6469556842","63332","","제주특별자치도 제주시 조천읍 조함해안로 247-2
			","제주시 조천읍 신흥바다낚시공원은 함덕해수욕장에서 제주시 방향으로 5분 이내 거리에 위치하여 접근성이 편리하다. 이곳은 기상 상황에 관계없이 사계절 언제든 안전하게 남녀노소, 초보자도 안전하게 낚시를 즐길 수 있는 제주 유일의 바다낚시 공원이다. 직접 고기도 낚고 생선회도 즐길 수 있어 제주 바다에서 낚시체험과 싱싱한 활어를 동시에 즐길 수 있으며 10명 이하 인원의 경우 예약제를 운용하지 않고, 낚시터 수용 인원이 초과할 경우엔 매표 대기 순으로 입장 가능하다. 뱃멀미 없이 안전하게 바다낚시를 즐길 수 있는 전국적으로도 손꼽히는 시설을 자랑하며, 1인 기준이 아닌 낚싯대 사용 기준으로 입장료를 적용함으로써 가족 단위 및 단체로 가도 부담 없이 즐길 수 있다.",3,1,"","admin"
101,"사려니숲길","레포츠","33.4014158790","126.6757260497","63622","","제주특별자치도 서귀포시 표선면 가시리 붉은오름 입구
			","사려니숲길은 제주의 숨은 비경 31곳 중 하나로, 비자림로를 시작으로 물찻오름과 사려니 오름을 거쳐가는 삼나무가 우거진 숲길이다.
사려니오름까지 이어지는 숲길이기 때문에 사려니숲길이라고 불린다.
‘사려니’는 ‘신성한 숲’ 혹은 ‘실 따위를 흩어지지 않게 동그랗게 포개어 감다’라는 뜻으로 숲길을 거닐면 상쾌한 삼나무 향에 포개진 듯한 느낌을 받을 수 있다.
빽빽한 삼나무뿐만 아니라 졸참나무, 서어나무, 때죽나무, 편백나무 등 다양한 수종이 서식하고 있다.
다양한 수종이 서식하기 때문에 오소리와 제주족제비를 비롯한 포유류, 팔색조와 참매를 비롯한 조류, 쇠살모사를 비롯한 파충류 등의 보금자리가 되기도 한다.
사려니숲길은 본래 숲의 모습이 많이 훼손되지 않아 트래킹을 좋아하는 여행자들이 즐겨 찾는다.
지난 2002년 유네스코가 지정한 제주 생물권 보전지역(Biosphere Resev)이기도 하다.
숲보호를 위해 자연휴식년제로 '물찻오름'은 탐방을 제한했었으나, 한시적으로 이곳을 개방하는 <사려니숲 에코힐링(Eco-Healing)> 행사가 열리기도 했다.",3,1,"","admin"
102,"산방산?용머리해안 지질트레일","레포츠","33.2322593962","126.3145222990","63531","","제주특별자치도 서귀포시 안덕면(안덕면)","성산리는 제주의 동녘끝 성산반도에 자리한 마을로 영주십경 중 제1경, 더 없이 장엄한 일출 경관을 보여주는 성산일출봉을 품고 있는 마을이다. 성산 앞바다 일출봉 건너에서 떠오른 해가 햇살을 펴면 가장 먼저 와 닿는 마을 오조리는 성산일출봉에서 서쪽으로 900m 거리에 자리해 있다.",3,1,"","admin"
103,"제주레포츠랜드㈜","레포츠","33.4821813471","126.6381496945","63344","","제주특별자치도 제주시 조천읍 와흘상서2길 47
			","제주 동쪽 조천읍 와흘에 위치한 제주레포츠랜드는 국내 최대규모의 카트체험장이다.산악버기카, 짚라인, 제주도내 최대시설을 자랑하는 서바이벌게임장, 사계절썰매장 등 다양한 체험시설을 가지고 있는 복합 휴양체험공간이다. 또한 펜션 및 게스트하우스가 있으며 다양한 부대시설도 갖추고 있다.",3,1,"","admin"
104,"중문진실캠핑장","레포츠","33.2527226588","126.4183711669","63546","","제주특별자치도 서귀포시 천제연로 132(중문동)","중문진실캠핑장은 제주 중문 관광단지 천제연공원 내에 위치한 캠핑장으로 중문마을회에서 운영한다. 천제연 폭포 소리를 들으면서 휴양할 수 있어 인기다. 풀과 나무가 많고, 사이트는 데크로 구성되어 있으며, 간격이 넓어서 옆 사이트의 방해 없이 쉴 수 있다. 문화재 관리구역이라 장작 사용이 제한되어 있고, 바비큐용 숯불 이용은 허용된다. 텐트 및 캠핑 용품을 대여 가능하다. 중문 단지에 위치하고 있어, 도보로 편의점, 대형마트, 다양한 식당, 관광지 등을 갈 수 있어 편리하다.",3,1,"","admin"
105,"제주빅볼랜드","레포츠","33.3902678945","126.3754384839","63041","","제주특별자치도 제주시 애월읍 산록서로 15
			","빅볼이란 3.2m의 커다란 원형 플라스틱 공안에 1.8m의 또 다른 공이 들어 있어 그 안으로 사람이 들어가 언덕이나 비탈길을 구르며 내려오는 신종 레포츠이다. 1996년 뉴질랜드에서 개발된 뒤 오스트레일리아, 영국, 독일, 한국 등으로 확산되어 현재 세계 20여개국에 보급되어 있다. 특별한 강습없이 누구나 즐길 수 있는 레포츠이다.",3,1,"","admin"
106,"월정 투명카약","레포츠","33.5638551242","126.7786717322","63043","","제주특별자치도 제주시 구좌읍 월정리 1400-33
			","월정리 해안은 투명카약을 즐기는 최고의 명소다. 동체가 투명한 카약을 타고 내려다본 바다는 맑고 깨끗하며 운이 좋으면 물고기들을 만날 수도 있다. 투명카약 체험장은 북적이는 해변과 조금 거리가 있어 훨씬 한적하고 여유롭게 시간을 보낼 수 있으며 수심이 깊지 않고 물결도 잔잔해 초보자들도 무리 없이 즐길 수 있다.<br /><br />※ 반려견 동반 여행 정보<br />- 맑고 깨끗한 바다위에서 반려견과 함께 힐링타임<br />- 2인 동반시 탑승가능<br />- 반려견 구명조끼 미제공<br>",3,1,"","admin"
107,"어라운드폴리","레포츠","33.4158196384","126.8359757176","63632","","제주특별자치도 서귀포시 성산읍 서성일로 433
			","어라운드폴리는 제주특별시 서귀포시 성산읍 서성일로 433에 위치하고 있다. 기존의 호텔과 캠핑의 경계를 허물며 신개념 캠핑 문화를 선보이고 있다. 제주도 중산간의 아름다움과 개성있는 숙소를 경험할 수 있다. 1인 캠핑 장비부터 가족단위로 이용할 수 있는 캠핑 장비까지 캠핑을 처음 경험하는 사람도 쉽게 이용할 수 있도록 준비되어 있다.",3,1,"","admin"
108,"팜핑제주","레포츠","33.2689661655","126.4725799912","63555","","제주특별자치도 서귀포시 중산간서로400번길 105(도순동)","제주도 서귀포의 활오름 부근에 위치한 팜핑제주는 카라반 전용 캠핑장으로, 모두 7대의 카라반이 있다. 차량이 없는 경우 대중교통으로는 접근이 어렵고 근처에 마트도 없지만, 미리 예약하면 서귀포 이마트나 중문농협 하나로마트에서 픽업 서비스를 받을 수 있어 장을 보고 픽업 서비스를 이용하면 편리하다. 카라반들은 다소 노후되었으나 깨끗하게 관리되고 있고, 바비큐 이용 숯과 그릴이 무료로 제공된다. 밤이면 불멍을 하고 별들을 바라보며 감성 캠핑을 할 수 있다.",3,1,"","admin"
109,"제주컨트리클럽","레포츠","33.4277863122","126.5723066482","63310","","제주특별자치도 제주시 516로 2695
			","제주의 명산 한라산의 대자연을 배경으로 넓고 푸른 태평양을 조망할 수 있는 골프장이다. 50여년이 넘는 오랜 전통과 역사를 가진 한국골프의 산증으로 국민체육향상과 가족단위의 스포츠 장소로 각광 받고 있다.",3,1,"","admin"
110,"대유랜드","레포츠","33.2776445400","126.3950726325","63548","","제주특별자치도 서귀포시 상예로 381(상예동)","한라산록의 광활한 초원 어디서나 꿩, 멧비둘기를 비롯하여 많은 조수가 서식하고 있어 제주도 전역이 수렵장으로 최적지이며, 특히 제주도에 서식하고 있는 꿩은 타지방의 꿩보다 빛깔과 색깔이 아름다워 외국 수렵인들의 사랑을 받고 있다. 약 120만평 규모의 대유수렵장은 상설로 운영되고 있다. 여기서 잡을 수 있는 조수로는 주로 꿩으로 누구나 일정액의 입렵료만 내면 언제든지 무제한의 사냥을 즐길 수 있다.이 수렵장에는 약 800평 규모의 꿩을 기르는 사육장과 클럽하우스 그리고 야외 사격장이 있다. 이 수렵장은 8㎞ 떨어진 중문관광단지와 함께 중요한 관광권역을 이루고 있다.",3,1,"","admin"
111,"제주항방파제","레포츠","33.5181617247","126.5284806266","63276","064-758-8877","제주특별자치도 제주시 서부두길 22(건입동)","연안낚시터로서 계절과 시간을 가리지 않고 조황이 좋아 늘 꾼들이 붐빈다. 테트러포스에서 던질낚시를 하면 스릴있는 손맛을 즐길 수 있다. 인근에 연안낚시터로 감성돔과 농어, 참돔이 많이 올라오는 용두암 일대를 들 수 있다.  최근 8월~10월 사이에 농어 밤낚시로 자리가 없을 때가 많다. 또한, 이곳에서는 매년 '전국바다낚시대회'가 개최되어 많은 관광객들이 참여한다.",3,1,"","admin"
112,"말 테마파크 골프장 (렛츠런파크 제주)","레포츠","33.4042417055","126.3980250961","63066","","제주특별자치도 제주시 애월읍 평화로 2144(애월읍)","<b>※ 코로나바이러스감염증-19 공지사항<br>※ 내용 : 가족공원 미운영(~ 별도 안내시까지)</b><br><u><a href=""https://korean.visitkorea.or.kr/notice/news_detail.do?nwsid=8cdd65e1-59f1-4904-8bc9-884001e40911"""" title=""""여행정보 변동사항 페이지로 이동"""">→ 코로나바이러스감염증-19 여행정보 변동사항 확인하기</a></u><br><br>제주경마공원에서 제주테마파크 조성사업의 일환으로 도내 최대규모의 파크골프장을 개장하게 되었다. 파크골프는 골프와 게이트볼을 융합한 생활스포츠로서 어린아이부터 노인에 이르기까지 남녀노소 누구나 함께 즐길 수 있는 가족형 레저스포츠이다.<br>""",3,1,"","admin"
113,"서귀포시청소년수련관","레포츠","33.2607119261","126.4982279520","63558","","제주특별자치도 서귀포시 중산간서로 97-1(강정동)","서귀포시 월드컵 연습구장으로 사용됐던 강창학공원 옆에 위치한 서귀포시청소년수련관은 '98 4.28 개관하여 인터넷정보실 등 청소년 문화공간을 갖추어 운영하고 있다. 공연장은 어린이 재롱잔치, 강연회, 연극제 등 각종 발표회장으로 사용되고 있다.<br>",3,1,"","admin"
114,"캐슬렉스제주 골프클럽","레포츠","33.3402563388","126.3488696895","63523","","제주특별자치도 서귀포시 안덕면 평화로 1241(안덕면)","한라산과 한림바다가 한눈에 들어오는 남제주군 안덕면에 위치한 캐슬렉스제주 골프클럽은 1995년 개장 이래 국내 최초로 미국여자프로 골프협회 공식투어인 삼성월드챔피언쉽 여자 골프대회를 유치하는 등 제주를 대표하는 골프클럽으로 인정받고 있다.",3,1,"","admin"
115,"차귀도 바다낚시","레포츠","33.3126173995","126.1506180904","63008","064-740-6001","제주특별자치도 제주시 한경면 노을해안로
			","차귀도는 제주시 서쪽 고산리 앞바다의 와도, 대섬, 지실이섬을 통틀어 일컫는다.
* 와도 - 감성돔 명소, 텐트설치 가능
* 대섬 - 차귀도의 본섬이다.
* 지실이섬 - 대형급 낚시터로서 우리나라 갯바위 낚시터의 대명사라 불리우는 명소이다. 돌돔 낚시의 최상의 포인트로 항시 사람의 왕래가 빈번하다. 등대가 있는 작은 선착장 뒷편은 우럭과 노래미, 감성돔이 자주 낚이고, 특히 촛대바위에서 대물이 나온다.
※ 차귀도 위치 - 제주 제주시 한경면 고산리",3,1,"","admin"
116,"블랙스톤 골프클럽","레포츠","33.3377949264","126.3124118005","63020","","제주특별자치도 제주시 한림읍 한창로 925-122
			","원형의 아름드리 나무들을 그대로 옮겨 놓아, 유구한 역사를 가진 외국의 명문 코스를 연상케 한다. 국내 유일하게 네 개의 홀 전경이 한눈에 보이는 레이아웃으로 감탄을 자아내는 1번홀에서 출발하여, 남쪽 코스로 접어들면 다양한 오름들의 수묵화 같은 풍경이 펼쳐지고, 북쪽코스 7,8홀에서는 한라산의 장엄한 모습이 자연에 대한 경외심을 불러 일으킨다.",3,1,"","admin"
117,"한라산컨트리클럽","레포츠","33.4442146132","126.5448419945","63242","","제주특별자치도 제주시 선돌목동길 56-46(오등동)","한라산C.C에는 은하수에 닿을만큼 높은 한라산의 푸른 기상과 600년 넘게 한결같이 제주를 지켜온 산천단 곰솔의 굳은 의지가 담겨져 있다. 600년 넘게 지켜온 곰솔의 푸르름과 곧은 기상이 살아있는 한라산 중턱 해발 400m 고지, 제주를 가장 잘 아는 제주 토박이의 한 사람으로써 아껴두고 싶고 또한 자랑하고 싶은 곳에 한라산 컨트리클럽을 지었다. 뒤로는 한라산의 절경이 든든하고 앞으로는 푸른 남해의 수평선이 시원하게 펼쳐진 이곳에 한겨울에도 기온과 바람 걱정이 없는 골프장을 만들기 위해 10여년 연구와 노력을 아끼지 않았다. 하늘을 받치듯 곧게 뻗은 곰솔과 다정스레 모여 앉은 돌무지 하나까지 제주의 참모습을 그대로 살린 자연주의 골프클럽 한라산 컨트리클럽은 살아 숨쉬는 대자연의 한가운데에 생동감 넘치는 그린을 더한 최고의 골프클럽임을 자부한다. 세계 100대 골프장으로 선정된 나인브릿지C.C의 설계디자이너 데이비드 데일과 역시 세계 100대 골프장으로 선정된 핀크스 골프클럽의 건설사 부건종합건설(주)가 만나 최고의 기술과 노하우로 탄생하였다.",3,1,"","admin"
118,"제주청소년수련원","레포츠","33.3776143276","126.2363341931","63016","064-796-0924","제주특별자치도 제주시 한림읍 금능남로 128(한림읍)","주변에 40년생 소나무군락이 형성된 산림지대로 대자연과 접할 수 있고, 인접지에 협재해수욕장, 한림공원, 협재용암동굴, 비양도, 분재예술원, 차귀도 등 바다와 육지에서 즐길 수 있는 자연환경이 수려한 지역으로 청소년에 대한 심성수련 터전을 마련하여 학교 교육기능의 보완역할을 수행함은 물론, 일상생활속에서 더불어 사는 지혜와 공동체의식을 체득할 수 있는 연수공간을 제공하여 건전한 청소년을 육성하며 수학여행을 겸한 수련활동, 기업체연수 및 공무원 연수교육, 전지훈련, 지역주민의 전통문화활동, 세미나 장소 등으로 최적지이다.
※ 설 치 자 - 제주시장
※ 운 영 자 - (재)청소년과 사람사랑
※ 주최사업 - 자체 프로그램운영",3,1,"","admin"
119,"크라운컨트리클럽","레포츠","33.5284188131","126.6952159042","63339","064-784-4811","제주특별자치도 제주시 조천읍 북선로 125(조천읍)","제주 골프장 중에서 해발이 가장 낮은 곳에 위치하여 지리적 입지조건은 최상이기 때문에 연중무휴 라운딩이 가능하다.
최근 이용객의 보다 쾌적한 골프 환경을 제공하기 위하여 과감한 투자를 시행, 31실 규모의 골프빌리지를 완공하였고 클럽하우스 및 코스는 리노베이션 공사를 통하여 새 단장을 단행했다.",3,1,"","admin"
120,"성읍승마장","레포츠","33.3985735348","126.7871331230","63624","","제주특별자치도 서귀포시 표선면 번영로 2650
			","성읍승마장은 제주도의 아름다운 자연 경관을 배경으로 넓은 마장을 갖춤으로써 사계절 동안 언제든지 승마운동을 즐길 수 있다. 그리고 성읍승마장은 제주도 최초의 승마장으로 20년 넘는 전통과 성읍만의 노하우를 자랑하고, 초보자들도 쉽고 안전하게 승마를 즐길 수 있도록 지원하고 있으며 다양한 코스를 준비하여 제주도의 낭만을 말을 타고 즐길 수 있다. 교육과 훈련이 잘된 말들만을 다량 보유하고 있어 남녀노소 모두가 즐길 수 있다. 승마장비는 무료로 대여하고 있고, 넓은 주차공간으로 인하여 주차시 혼잡을 최소화 하고 있다.<br>",3,1,"","admin"
121,"한라산 트레킹","레포츠","33.3927306237","126.4948724979","63077","","제주특별자치도 제주시 1100로 2070-61
			","한라산은 화산분출로 생성된 산이어서 육지 산과는 다른 독특한 지형을 가지고 있다. 한반도의 대부분의 산들이 능선과 골짜기로 이루어진 반면 한라산은 '양변의 기울기가 다소 완만한 삼각형 모양의 단면(순상화산)을 이룬다. 이 경사면을 따라 4개의 등산로가 있는데, 동쪽의 성판악 코스와 서쪽의 영실, 어리목 코스, 북쪽의 관음사 코스, 남쪽의 돈내코 코스가 있다.<br>한라산은 등산로가 10km 이내로 거리가 짧아, 정상까지 당일 등,하산이 가능하다. 또한 등산로가 잘 정비되어 있어 길을 잃거나 조난 당할 우려는 적다. 그러나 기상변화가 심하고 바람이 세어서, 장비없이 무작정 산행에 나섰다가 낭패를 보는 경우가 많다. 관음사 지구 야영장을 제외하고 모든 등산로에서는 취사와 야영이 금지되어 있다. 1988년부터 한라산에서는 '자기쓰레기 되가져오기 운동'을 전개하여서 등산객들도 깨끗한 한라산 만들기에 동참하고 있다. 그리고 당일 등산을 원칙으로 하기 때문에 계절별로 일몰시간을 기준으로 입산통제가 이루어지므로 미리 입산 시간을 확인하는 것이 좋다.<br><br><b>한라산 등반코스<br></b>* 어리목 (6.8km / 3시간) : 어리목-사제비동산-윗세오름-남벽분기점<br>* 영실 (5.8km / 2시간 30분) : 영실-병풍바위-윗세오름-남벽분기점<br>* 성판악 (9.6km / 4시간 30분) : 성판악입구-속밭-사라악-진달래밭-정상<br>* 관음사 (8.7km / 5시간) : 관음사야영장-탐라계곡-삼각봉-정상<br>* 어승생악 (1.3km / 30분) : 어승생탐방안내소-어승생악<br>* 돈내코 (7km / 3시간 30분) : 탐방안내소-평궤대피소-남벽분기점<br>* 석굴암 (1.5km / 50분) : 충혼묘지 주차장-석굴암",3,1,"","admin"
122,"제주 조랑말타운","레포츠","33.4079305951","126.7722286455","63624","","제주특별자치도 서귀포시 표선면 번영로 2486
			","제주 조랑말타운은 조랑말 위에서 펼쳐지는 러시아 후예들의 환상적인 마상마예공연 그 짜릿함을 경험할 수 있는 곳이다.",3,1,"","admin"
123,"제주해양레저","레포츠","33.2432598241","126.4190129892","63547","","제주특별자치도 서귀포시 중문관광로 192
			","중문관광단지 내 안전하고 스릴있게 해양레포츠를 즐길 수 있는 국내 유일의 체험관광상품이다. 중문대로 주상절리대, 중문해수욕장, 형제섬, 송악산, 범섬 및 기암절벽의 해안 절경과 동시에 한라산의 아름다운 비경을 낙하산을 타고 최저 30m에서 최고 200m 상공에서 만끽할 수 있다.",3,1,"","admin"
124,"이어도 승마장","레포츠","33.4290157599","126.8580651683","63631","","제주특별자치도 서귀포시 성산읍 서성일로 688(성산읍)","3만평의 넓은 초원에서 말을 타고 재미있고 신나게 즐길 수 있도록 만들어진 곳이다. 말을 오랜 시간에 걸쳐 젊은 기수들이 교육을 잘 시켜 초보자들이 쉽게 탈 수 있다. 성산일출봉을 등지고 앞으로는 제주에서 가장 멋있고 웅장한 한라산이, 양옆으로는 멋있는 오름들이 솟아 아름다운 경치를 뽐내고 있다. 적토마, 백마, 흑마 등 다양한 색의 혼자탈 수 있는 교육이 잘된 멋있는 말 약 20필정도와 망아지를 포함한 약 80필정도를 기르고 있다. (1992년 6월 11일 개장)",3,1,"","admin"
125,"에버리스골프리조트","레포츠","33.3782551238","126.3621038003","63038","","제주특별자치도 제주시 애월읍 평화로 1693-75
			","기나긴 세월의 흐름이 빚어낸 우대한 자연과 인간의 무한 도전이 어우러진 대한민국 최고의 정통 골프장이 바로 에버리스골프리조트이다. 오름, 바다, 돌, 바람, 억새 등 제주의 자연을 담아 코스에 상징성을 부여했으며 구릉지 특성과 계절에 따른 변화무쌍한 수종들로 식재한 조경은 마치 별천지에서 라운딩하는 듯한 플레이의 묘미와 감동을 선사한다.동쪽으로는 멀리 한라산이 조망되고 서쪽으로는 광활한 목초지와 바다가 그림처럼 펼쳐진다. 남쪽으로는 다양한 형태의 오름이 제주 특유의 지형적 특성을 뽐내고 가미된 이국적인 정취는 에버리스 CC만의 비경으로 자리하게 된다.",3,1,"","admin"
126,"송당승마장","레포츠","33.4364796714","126.7381920554","63355","","제주특별자치도 제주시 구좌읍 번영로 2015
			","제주 여행에서 빠질 수 없는 승마를 즐길 수 있는 송당승마장은 단거리코스부터 산책코스까지 다양한 승마 코스가 있으며 1시간 자유승마도 가능하다. 남녀노소 모든 연령이 즐길 수 있으며 처음 승마를 접하는 초보자들도 교관들의 친절한 지도하에 쉽고 즐겁게 승마를 배울 수 있다.<br>",3,1,"","admin"
127,"오라컨트리클럽","레포츠","33.4482081134","126.5132502034","63144","","제주특별자치도 제주시 오라남로 130-16(오라이동)","오라컨트리클럽은 영주십경중의 하나인 한라산 영구춘화 계곡을 따라 그림처럼 펼쳐지는 2,018,369㎡의 대자연 위에 국제수준의 36홀 코스를 갖춘 제주도의 대표적인 골프장이다. 쾌적하고 다양한 부대시설을 갖추어 365일 연중무휴로 푸른 잔디 위에서 라운딩이 가능하며, One Caddie One Bag System 운영과 차별화된 고객서비스를 제공한다.<br /><br />* 오라CC 인근 벚꽃길 *<br /><br />이제 막 소문나기 시작한 소소한 핫플인 오라컨트리클럽 인근의 벚꽃길에는 먼저 왕벚꽃이 폈다지면 더 큰 겹벚꽃이 피어나 4월 내내 꽃놀이를 즐길 수 있다.<br>",3,1,"","admin"
128,"오케이 승마장","레포츠","33.4028035598","126.7832055888","63624","","제주특별자치도 서귀포시 표선면 번영로 2595
			","오케이승마장은 성읍민속마을 부근에 위치한 외승 전문 승마장이다. 초보자 기본 교육이 진행되며 기수가 동행한다.  10만평의 광활한 초원, 작은 오름과 억새밭 삼나무가 우거진 새로운 세계에서 자연, 인간, 동물, 삼위일체로 호흡하는 승마만이 느낄 수 있는 체험을 경험 할 수 있다. <br>",3,1,"","admin"
129,"서진승마장","레포츠","33.4343380177","126.7242349815","63346","","제주특별자치도 제주시 조천읍 비자림로 1118
			","제주시 조천읍 교래리 정석 항공관 입구에 위치하고 있다. 초보자도 언제든지 안전하게 말을 탈 수 있는 곳으로, KBS 2TV 체험 삶의 현장 방영된 곳이기도 하다.<br>",3,1,"","admin"
130,"알프스승마장 포니","레포츠","33.3984571317","126.8026956656","63624","","제주특별자치도 서귀포시 표선면 서성일로 73
			","알프스승마장 포니는 제주도 서귀포시 표선면 성읍리에 위치한 승마장이다.
알프스승마장 포니의 코스는 푸른 초원을 달리는 초원코스, 대초원과 오름을 배경으로 달리는 낮은동산코스의 승마체험과 먹이주기 체험이 있다.",3,1,"","admin"
131,"홀스랜드(어승생승마장)","레포츠","33.4257880081","126.4904193601","63078","","제주특별자치도 제주시 1100로 2659(노형동)","어승생승마장은 10여만평에서 승마, 목장체험을 동시에 즐길 수 있는 복합레저 단지이다. 제주 유일 미국 서부를 테마로 한 공간이다. 10여만평에 이르는 넓은 초지가 있어, 말을 타고 초원을 달릴 수 있다. 외승을 나가지 않더라도 구보로 400m 이상을 쉬지 않고 전력질주 할 수 있다. 또한 말에 처음 오르는 초보자도 교관의 도움을 받으면 평보부터 속보·경속보·구보까지 원스텝으로 경험할 수 있는 프로그램이 있다. 26년이나 된 승마장이라 안전에 대한 노하우도 갖추고 있다. 해발 530M에 위치하여, 날씨가 좋은 날에는 에메랄드빛 제주바다를 볼 수 있고 멀리 추자군도까지 시선이 미친다. 고개를 들면 웅장한 한라산이 눈앞에 서 있다.<br>",3,1,"","admin"
132,"라온골프클럽","레포츠","33.3394969174","126.2742984087","63005","","제주특별자치도 제주시 한경면 용금로 998
			","세계적인 극상림 지대의 천연 난대림 속에 위치해 코스 설계에서부터 시공에 이르기까지 원시 자연 그대로 보전, stone,lake,pine 세 코스는 돌,호수,소나무에 의해 저마다 독특하고 개성있는 풍광자랑, 한라산과 사방 7개의 오름, 그리고 제주의 푸른 바다가 절묘한 조화를 이룬 환상적인 코스이다.",3,1,"","admin"
133,"탐라승마장","레포츠","33.4330602647","126.7169550866","63346","","제주특별자치도 제주시 조천읍 비자림로 1044
			","1983년에 오픈한 탐라승마장은 31년 전통을 지닌 승마장이다. 80여두의 잘 훈련된 한라마와 조랑말을 보유하고 있으며, 처음 타는 초보자도 쉽게 승마할 수 있다.<br>",3,1,"","admin"
134,"제주제트(중문)","레포츠","33.2384245706","126.4395613149","63543","","제주특별자치도 서귀포시 대포로 172-5(대포동)","제주제트(주)의 제트보트는 수년간 검증된 뉴질랜드의 제트보트를 직수입하여 해상 레져의 안전과 즐거움을 제공하는데 최선을 다하고 있다.<br>",3,1,"","admin"
